Employee_ID,Employee_Name,Age,Gender,Department,Job_Role,Salary,Experience_Years,Education,City
630,Arjun Malhotra,32.0,Female,IT,Accountant,65374.0,12,Diploma,Chandigarh
789,Pooja Kumar,22.0,Female,HR,Accountant,63036.0,11,12th,Gurgaon
685,Rohan Mehta,48.0,Male,Marketing,Sales Executive,43997.0,11,Master's,Chandigarh
517,Vikash Singh,31.0,Male,Finance,Software Developer,70039.0,12,Diploma,Chandigarh
530,Vivaan Jain,52.0,Female,IT,HR Executive,49613.0,0,Master's,Gurgaon
658,Raj Mehta,39.0,Male,Operations,Sales Executive,86204.0,10,Diploma,Jaipur
553,Neha Verma,43.0,Female,Operations,Marketing Executive,113407.0,5,Master's,Hyderabad
532,Kavya Yadav,52.0,Female,,Software Developer,53467.0,14,Bachelor's,Pune
322,Vivaan Singh,,Female,Marketing,Accountant,40202.0,5,Bachelor's,Delhi
71,Raj Yadav,41.0,Female,HR,Software Developer,48834.0,8,Diploma,Hyderabad
838,Isha Singh,46.0,Male,Marketing,Data Analyst,29861.0,13,12th,Hyderabad
454,Pooja Mehta,40.0,Male,Finance,Operations Executive,104503.0,12,Bachelor's,Chandigarh
997,Simran Patel,53.0,Male,Marketing,Accountant,54482.0,8,Bachelor's,Kolkata
669,Vivaan Mehta,,Male,Finance,Operations Executive,69470.0,3,Master's,Hyderabad
248,Pooja Jain,36.0,Female,Finance,Sales Executive,97362.0,11,Diploma,Mumbai
614,Kavya Jain,33.0,Female,Marketing,Data Analyst,37137.0,4,Master's,Pune
845,Vikash Malhotra,55.0,Male,Finance,Software Developer,103059.0,4,12th,Hyderabad
705,Isha Jain,42.0,female,Sales,Accountant,110951.0,14,12th,Mumbai
299,Neha Gupta,34.0,Female,Operations,Accountant,102060.0,4,Master's,Noida
102,Priya Jain,37.0,F,Operations,Data Analyst,69375.0,12,Diploma,Chandigarh
903,Ananya Gupta,40.0,Male,Finance,Operations Executive,84795.0,13,Bachelor's,Gurgaon
920,Priya Malhotra,22.0,Male,HR,HR Executive,99393.0,12,12th,Noida
214,Vikash Kumar,51.0,Male,Finance,Accountant,50200.0,9,Diploma,Noida
238,Aarav Kumar,28.0,Female,Marketing,Operations Executive,29222.0,6,Bachelor's,Gurgaon
596,Raj Sharma,29.0,Male,Marketing,Operations Executive,51588.0,14,12th,Chandigarh
282,Kavya Verma,46.0,Male,Finance,Data Analyst,85694.0,9,12th,Gurgaon
871,Meera Singh,46.0,Male,HR,Marketing Executive,116544.0,13,Master's,Kolkata
287,Karan Kumar,33.0,Female,Sales,Data Analyst,83926.0,8,Bachelor's,Kolkata
923,Vikash Jain,25.0,Female,HR,HR Executive,75579.0,2,12th,Delhi
888,Vivaan Jain,24.0,Female,IT,Data Analyst,64514.0,1,Diploma,Bengaluru
465,Vivaan Jain,22.0,Female,Marketing,HR Executive,101269.0,8,12th,Jaipur
797,Rohan Patel,35.0,Male,Sales,Software Developer,49004.0,13,Bachelor's,Chandigarh
97,Vikash Malhotra,53.0,Male,Finance,Marketing Executive,60018.0,15,Master's,Chandigarh
245,Pooja Yadav,37.0,Female,Operations,Data Analyst,51651.0,2,Master's,Delhi
890,Aarav Patel,50.0,Male,Finance,Marketing Executive,81112.0,10,Master's,Gurgaon
77,Vivaan Jain,40.0,Male,Finance,Data Analyst,26854.0,9,Master's,Chandigarh
902,Rahul Mehta,32.0,Male,IT,Operations Executive,59313.0,3,Diploma,Noida
210,Simran Patel,51.0,Male,Operations,Data Analyst,59803.0,5,12th,Jaipur
260,Priya Malhotra,26.0,Female,Operations,Operations Executive,90517.0,3,Bachelor's,Noida
159,Kavya Kumar,44.0,Male,HR,Software Developer,65483.0,7,Master's,Jaipur
740,Pooja Verma,35.0,Male,Finance,Data Analyst,78422.0,4,12th,Pune
433,Neha Malhotra,42.0,Female,HR,HR Executive,63557.0,9,Diploma,Hyderabad
332,Aarav Yadav,22.0,Female,Operations,Operations Executive,55539.0,0,12th,Mumbai
957,Sneha Jain,45.0,Female,Sales,Software Developer,85771.0,15,Bachelor's,Pune
315,Riya Malhotra,36.0,Male,HR,Accountant,61302.0,9,Bachelor's,Mumbai
295,Aarav Kumar,49.0,Male,IT,Accountant,89054.0,9,Bachelor's,Mumbai
383,Aarav Kumar,50.0,Female,Operations,Data Analyst,91207.0,11,12th,Kolkata
389,Riya Malhotra,53.0,Female,Marketing,Marketing Executive,111816,9,Diploma,Gurgaon
576,Ananya Singh,,Female,Operations,Software Developer,27408.0,7,Diploma,Delhi
880,Aarav Jain,35.0,Female,HR,Operations Executive,93561.0,8,12th,Delhi
443,Vivaan Malhotra,30.0,Male,Finance,Accountant,30235.0,9,12th,Kolkata
722,Raj Singh,50.0,Male,IT,HR Executive,54428.0,15,Bachelor's,Mumbai
60,Pooja Gupta,42.0,Female,Operations,HR Executive,112670.0,0,12th,Kolkata
679,Isha Verma,47.0,male,HR,Data Analyst,25599.0,11,Master's,Chandigarh
371,Kavya Singh,47.0,Female,Marketing,HR Executive,95190.0,2,12th,Delhi
483,Sneha Yadav,54.0,Male,Sales,Operations Executive,81224.0,3,12th,Jaipur
382,Vivaan Yadav,33.0,Male,IT,Sales Executive,32553.0,6,Diploma,Pune
55,Aditya Singh,54.0,Male,Finance,Sales Executive,88517.0,7,Diploma,Pune
24,Pooja Kumar,49.0,Female,HR,Software Developer,43373.0,2,12th,Hyderabad
31,Vikash Patel,41.0,Female,Sales,HR Executive,56285.0,10,Bachelor's,Delhi
881,Neha Singh,48.0,Male,Finance,Sales Executive,109012.0,3,12th,Chandigarh
431,Isha Gupta,24.0,Female,Marketing,Sales Executive,97512.0,5,Master's,Gurgaon
11,Kavya Verma,46.0,Male,HR,Accountant,72447.0,1,Bachelor's,Jaipur
657,Simran Gupta,26.0,Male,Sales,Marketing Executive,104257.0,3,Master's,Mumbai
814,Aditya Malhotra,37.0,Male,HR,HR Executive,69739.0,8,Bachelor's,Bengaluru
484,Riya Jain,37.0,Male,IT,Software Developer,87539.0,13,Diploma,Noida
544,Ananya Patel,30.0,Female,Finance,Accountant,83901.0,0,12th,Jaipur
200,Riya Mehta,30.0,Male,Finance,Sales Executive,37689.0,7,Master's,Pune
502,Raj Kumar,52.0,Male,Operations,HR Executive,51170.0,7,Master's,Noida
941,Meera Kumar,23.0,Male,Finance,Software Developer,79484.0,6,12th,Bengaluru
108,Raj Patel,43.0,Female,Operations,Sales Executive,102014.0,9,Master's,Bengaluru
219,Rohan Mehta,27.0,Male,IT,Accountant,114285.0,15,12th,Noida
926,Simran Singh,48.0,Female,HR,Accountant,118018.0,6,12th,Mumbai
175,Pooja Patel,43.0,Female,Operations,HR Executive,96567.0,5,Master's,Gurgaon
724,Simran Mehta,25.0,Female,Marketing,Sales Executive,103497.0,8,12th,Gurgaon
882,Vivaan Singh,44.0,Male,Operations,HR Executive,92797.0,13,12th,Pune
934,Pooja Patel,37.0,Male,Finance,Marketing Executive,40031.0,14,Bachelor's,Gurgaon
395,Priya Yadav,43.0,Female,Sales,Operations Executive,54272.0,8,Diploma,Chandigarh
40,Amit Singh,22.0,Female,Sales,Operations Executive,48509.0,5,Bachelor's,Bengaluru
834,Aarav Kumar,28.0,Female,Sales,Operations Executive,51462.0,15,Diploma,Mumbai
774,Ananya Verma,47.0,Male,Sales,Accountant,58332.0,10,12th,Chandigarh
352,Kavya Sharma,24.0,Male,IT,Accountant,55490.0,10,Master's,Jaipur
67,Aditya Jain,23.0,Female,Operations,Software Developer,70508.0,10,Bachelor's,Bengaluru
278,Sneha Verma,37.0,Male,Operations,Sales Executive,111332.0,14,12th,Kolkata
68,Pooja Gupta,52.0,Female,Finance,Marketing Executive,38833.0,13,Master's,Hyderabad
911,Pooja Mehta,23.0,Female,Sales,Sales Executive,85981.0,13,Diploma,Chandigarh
440,Pooja Kumar,24.0,Female,HR,Accountant,26699.0,11,Master's,Noida
737,Aditya Verma,53.0,Male,Marketing,Accountant,105341.0,0,Master's,Noida
297,Vivaan Patel,28.0,Female,Marketing,Operations Executive,60112.0,6,12th,Gurgaon
621,Arjun Mehta,29.0,female,Operations,Data Analyst,28800.0,1,Bachelor's,Bengaluru
491,Vivaan Mehta,37.0,Female,IT,Accountant,54067.0,12,Diploma,Kolkata
820,Sneha Sharma,,Female,Marketing,Operations Executive,51389.0,10,Bachelor's,Gurgaon
559,Vikash Verma,44.0,Male,HR,Software Developer,101304.0,12,Master's,Gurgaon
425,Pooja Yadav,40.0,Male,Operations,Marketing Executive,91628.0,11,Bachelor's,Noida
925,Sneha Kumar,55.0,Female,Operations,Data Analyst,79842.0,4,Master's,Mumbai
313,Rahul Mehta,43.0,Male,Operations,Marketing Executive,119690.0,14,Master's,Gurgaon
185,Rohan Patel,38.0,Male,IT,Marketing Executive,57717.0,12,Bachelor's,Mumbai
333,Vivaan Gupta,27.0,Male,Sales,Sales Executive,51895.0,8,Bachelor's,Delhi
89,Priya Verma,26.0,Female,Sales,Software Developer,86605.0,5,Diploma,Bengaluru
64,Kavya Verma,22.0,Male,HR,HR Executive,106439.0,6,12th,Mumbai
835,Neha Yadav,53.0,Male,Finance,Software Developer,47447.0,7,Master's,Hyderabad
577,Amit Gupta,37.0,Male,Marketing,Software Developer,75747.0,10,12th,Jaipur
216,Aditya Yadav,43.0,Female,IT,Software Developer,44198.0,14,Diploma,Chandigarh
616,Vivaan Malhotra,50.0,Male,IT,Software Developer,75801.0,2,Diploma,Chandigarh
514,Karan Malhotra,47.0,Female,Operations,Accountant,40890.0,5,Diploma,Pune
291,Ananya Gupta,28.0,Female,IT,HR Executive,56270.0,12,12th,Kolkata
378,Priya Singh,24.0,Female,Finance,Data Analyst,87287.0,9,Diploma,Chandigarh
892,Rahul Sharma,47.0,Female,HR,HR Executive,88097.0,1,Master's,Mumbai
970,Amit Patel,38.0,Female,IT,Accountant,33423.0,15,Bachelor's,Delhi
947,Neha Kumar,22.0,Male,Finance,HR Executive,105786.0,2,Bachelor's,Jaipur
787,Raj Singh,35.0,Male,HR,Operations Executive,118528.0,15,12th,Jaipur
426,Ananya Patel,50.0,Female,Operations,Marketing Executive,68512.0,3,Bachelor's,Noida
697,Karan Gupta,44.0,Male,Marketing,Marketing Executive,47972.0,10,Master's,Hyderabad
996,Arjun Verma,45.0,Female,Finance,Data Analyst,61073.0,2,Bachelor's,Chandigarh
310,Priya Verma,35.0,Female,IT,Data Analyst,93084.0,13,Master's,Chandigarh
87,Aarav Verma,23.0,,Marketing,Software Developer,81626.0,7,Bachelor's,Mumbai
732,Aarav Verma,54.0,Male,Operations,Software Developer,69832.0,7,Master's,Jaipur
756,Neha Yadav,45.0,Female,Finance,Software Developer,37759.0,1,Master's,Noida
311,Arjun Verma,25.0,Female,IT,Marketing Executive,55008.0,10,Diploma,Mumbai
539,Kavya Verma,30.0,Male,HR,HR Executive,73679.0,10,Bachelor's,Delhi
137,Isha Kumar,30.0,Male,IT,Marketing Executive,107991.0,12,12th,Chandigarh
959,Sneha Patel,46.0,Female,Operations,Software Developer,79502.0,9,Bachelor's,Bengaluru
1000,Arjun Gupta,55.0,Male,HR,Marketing Executive,118552.0,5,Bachelor's,Hyderabad
729,Priya Gupta,54.0,Female,Sales,Sales Executive,61885.0,3,Master's,Jaipur
262,Sneha Verma,22.0,Male,Operations,Operations Executive,52152.0,9,Master's,Kolkata
548,Sneha Patel,52.0,Male,IT,Accountant,50115.0,8,Bachelor's,Pune
169,Raj Kumar,49.0,Male,IT,Data Analyst,105654.0,4,12th,Gurgaon
791,Vivaan Yadav,37.0,Male,Marketing,Data Analyst,34575.0,7,12th,Pune
449,Karan Kumar,31.0,Male,Operations,Data Analyst,95513.0,13,Bachelor's,Noida
140,Isha Verma,49.0,Female,HR,Operations Executive,79287.0,11,12th,Gurgaon
686,Priya Gupta,33.0,Female,Finance,HR Executive,107840.0,1,Bachelor's,Mumbai
667,Rahul Sharma,52.0,Female,Operations,HR Executive,36123.0,6,Bachelor's,Kolkata
858,Aditya Kumar,40.0,Male,Operations,Accountant,98537.0,1,Master's,Chandigarh
519,Arjun Verma,26.0,,Sales,Data Analyst,52600.0,15,Bachelor's,Delhi
956,Vikash Malhotra,22.0,Female,IT,Operations Executive,74993.0,4,Master's,Mumbai
534,Amit Mehta,37.0,Male,IT,Operations Executive,75014.0,14,Master's,Delhi
56,Amit Mehta,41.0,Male,HR,HR Executive,95798.0,4,Master's,Gurgaon
121,Riya Sharma,28.0,Male,Operations,HR Executive,84600.0,1,Diploma,Noida
531,Aarav Kumar,39.0,Male,Operations,Sales Executive,60283.0,2,Master's,Delhi
26,Aarav Mehta,34.0,Male,HR,Sales Executive,77565.0,8,12th,Mumbai
73,Sneha Kumar,49.0,Male,hr,HR Executive,27260.0,9,Diploma,Chandigarh
45,Meera Kumar,23.0,Female,IT,Accountant,117901.0,11,12th,Gurgaon
250,Aarav Singh,47.0,Male,Operations,HR Executive,30992.0,13,Diploma,Jaipur
405,Vivaan Mehta,34.0,Male,IT,Software Developer,27872.0,8,Bachelor's,Kolkata
848,Isha Mehta,25.0,Female,Marketing,Accountant,73404.0,8,12th,Bengaluru
704,Amit Jain,22.0,Male,IT,Data Analyst,63209.0,10,12th,Kolkata
919,Neha Mehta,52.0,Female,Finance,HR Executive,111356.0,12,Diploma,Pune
199,Pooja Verma,44.0,Male,Finance,HR Executive,92499.0,8,12th,Noida
543,Riya Jain,43.0,Female,Finance,Operations Executive,67425.0,5,Bachelor's,Hyderabad
356,Vikash Gupta,32.0,Female,Operations,Marketing Executive,74595.0,5,Bachelor's,Kolkata
324,Neha Singh,29.0,Male,IT,Software Developer,60227.0,2,Diploma,Kolkata
650,Sneha Patel,37.0,Male,HR,Sales Executive,40203.0,9,12th,Hyderabad
917,Aditya Yadav,50.0,Female,Finance,Operations Executive,119700.0,6,12th,Bengaluru
236,Aarav Sharma,55.0,Male,Operations,HR Executive,76518.0,9,12th,Hyderabad
581,Rahul Sharma,55.0,Male,HR,Software Developer,119298.0,10,12th,Bengaluru
950,Meera Sharma,35.0,Female,HR,HR Executive,68420.0,7,Master's,Kolkata
944,Arjun Jain,34.0,Female,Marketing,Sales Executive,78883.0,5,Diploma,Gurgaon
908,Simran Mehta,51.0,Female,Sales,Software Developer,118801.0,1,Master's,Noida
300,Riya Jain,24.0,Female,Marketing,Software Developer,99720.0,5,Diploma,Mumbai
61,Pooja Gupta,22.0,Female,HR,Operations Executive,36003.0,1,Diploma,Bengaluru
328,Aditya Malhotra,36.0,Female,Finance,Operations Executive,79559.0,11,Bachelor's,Hyderabad
932,Rohan Singh,25.0,Female,Sales,Sales Executive,38791.0,6,Bachelor's,Chandigarh
602,Raj Yadav,25.0,Female,HR,Data Analyst,63382.0,13,Master's,Noida
448,Vikash Kumar,54.0,Female,Sales,Data Analyst,74146.0,10,Bachelor's,Gurgaon
830,Ananya Sharma,35.0,Female,Finance,Operations Executive,88748.0,8,Master's,Hyderabad
651,Rahul Jain,35.0,Female,Sales,Software Developer,74781.0,13,Bachelor's,Mumbai
599,Vivaan Malhotra,30.0,Female,IT,HR Executive,32217.0,9,Diploma,Gurgaon
545,Priya Verma,22.0,Female,Marketing,HR Executive,106229,12,Master's,Hyderabad
785,Riya Mehta,37.0,Male,IT,Sales Executive,116915.0,8,Master's,Gurgaon
306,Vivaan Sharma,29.0,,Finance,Marketing Executive,99205.0,3,12th,Delhi
319,Vivaan Mehta,25.0,Female,HR,Data Analyst,26807.0,9,12th,Bengaluru
761,Aditya Jain,48.0,Female,Operations,Operations Executive,51444.0,6,Diploma,Mumbai
495,Meera Malhotra,26.0,Female,Operations,Operations Executive,97036.0,11,Diploma,Mumbai
266,Aditya Verma,45.0,Female,HR,Marketing Executive,36232.0,8,Master's,Bengaluru
111,Rahul Verma,43.0,Male,Marketing,Software Developer,53705.0,1,Diploma,Chandigarh
694,Ananya Patel,29.0,Female,HR,Operations Executive,117161.0,0,Bachelor's,Bengaluru
945,Rahul Yadav,41.0,Female,Operations,Operations Executive,107689.0,5,Diploma,Chandigarh
528,Riya Singh,48.0,Male,Marketing,Operations Executive,106962.0,9,Diploma,Bengaluru
257,Riya Jain,27.0,Male,HR,HR Executive,93732.0,8,Diploma,Mumbai
261,Aditya Singh,34.0,Female,hr,Data Analyst,115739.0,1,Master's,Pune
635,Sneha Mehta,46.0,Female,Operations,Sales Executive,106948.0,13,Master's,Jaipur
824,Vikash Kumar,43.0,Female,IT,HR Executive,83762.0,15,Diploma,Chandigarh
430,Isha Gupta,28.0,Female,Operations,Accountant,84048.0,15,Bachelor's,Hyderabad
631,Aarav Gupta,24.0,Male,HR,Accountant,36866.0,4,12th,Hyderabad
381,Sneha Gupta,31.0,Female,Operations,Accountant,33600.0,0,Master's,Noida
434,Vikash Yadav,34.0,,Marketing,Marketing Executive,51330.0,4,Master's,Hyderabad
735,Aarav Verma,37.0,Male,Finance,Marketing Executive,30672.0,3,Master's,Kolkata
138,Priya Malhotra,42.0,Female,Finance,Marketing Executive,45631.0,2,Bachelor's,Jaipur
358,Priya Gupta,30.0,Male,HR,Software Developer,68406.0,2,Diploma,Chandigarh
529,Arjun Patel,33.0,Male,HR,Software Developer,33973.0,14,Diploma,Kolkata
222,Pooja Jain,40.0,Male,Finance,Software Developer,99443.0,15,Master's,Hyderabad
757,Aditya Singh,36.0,Female,Marketing,Data Analyst,109945.0,3,Diploma,Jaipur
597,Simran Patel,55.0,Female,HR,HR Executive,25753.0,14,12th,Chandigarh
560,Simran Verma,41.0,Male,Sales,Operations Executive,88246.0,9,Bachelor's,Kolkata
364,Karan Kumar,48.0,Male,IT,Software Developer,45591.0,13,Diploma,Mumbai
526,Amit Sharma,40.0,Female,Finance,Accountant,26197.0,11,Master's,Bengaluru
209,Arjun Mehta,40.0,Male, marketing ,Software Developer,87245.0,9,Bachelor's,Kolkata
412,Amit Patel,25.0,Male,Finance,Marketing Executive,119838.0,9,Diploma,Chandigarh
335,Rahul Kumar,25.0,Male,Sales,Marketing Executive,102580.0,9,Diploma,Pune
211,Pooja Yadav,36.0,Male,HR,Data Analyst,29138.0,13,Master's,Bengaluru
351,Vikash Gupta,30.0,Male,Sales,Accountant,98807.0,15,Bachelor's,Gurgaon
79,Aditya Malhotra,51.0,Male,Sales,Sales Executive,39953.0,1,Master's,Jaipur
30,Simran Malhotra,23.0,Male,Sales,Marketing Executive,106183.0,10,Diploma,Noida
281,Isha Jain,27.0,Male,Marketing,Marketing Executive,58913.0,7,12th,Pune
586,Riya Patel,33.0,Male,HR,Sales Executive,51812.0,10,12th,Noida
753,Meera Malhotra,52.0,Female,Operations,Accountant,39336.0,15,12th,Hyderabad
781,Aditya Verma,33.0,Female,Finance,Accountant,107352.0,5,Master's,Hyderabad
290,Vikash Malhotra,50.0,Male,Operations,Marketing Executive,105918.0,2,Master's,Pune
166,Amit Patel,,Male,Sales,Data Analyst,83893.0,11,Bachelor's,Bengaluru
606,Meera Kumar,47.0,Male,Finance,Software Developer,79269.0,0,Master's,Mumbai
875,Aarav Verma,43.0,Female,Sales,HR Executive,74332.0,14,Diploma,Noida
721,Vikash Malhotra,45.0,Female,IT,Operations Executive,62940.0,9,12th,Hyderabad
66,Amit Verma,45.0,Male,IT,Accountant,76990.0,9,Bachelor's,Kolkata
142,Rahul Singh,24.0,Male,Finance,HR Executive,26007.0,9,Diploma,Gurgaon
276,Karan Malhotra,38.0,Female,finance,Accountant,76502.0,5,Bachelor's,Chandigarh
836,Neha Patel,47.0,Male,Sales,Sales Executive,54908.0,11,Bachelor's,Chandigarh
656,Vivaan Malhotra,33.0,Male,Marketing,Data Analyst,29461.0,6,Bachelor's,Gurgaon
466,Vikash Gupta,44.0,Male,Marketing,Marketing Executive,76445.0,14,Bachelor's,Bengaluru
671,Rahul Sharma,22.0,Male,HR,Marketing Executive,86763.0,5,Bachelor's,Mumbai
320,Vikash Verma,46.0,Male,Finance,Data Analyst,35803.0,6,Master's,Hyderabad
399,Raj Kumar,41.0,Male,IT,Sales Executive,108165.0,5,Master's,Chandigarh
307,Neha Kumar,28.0,Female,Sales,Data Analyst,45707.0,4,Diploma,Jaipur
308,Ananya Gupta,38.0,Female,,Data Analyst,37234.0,1,12th,Mumbai
829,Neha Verma,32.0,Male,IT,Software Developer,90991.0,7,Bachelor's,Hyderabad
334,Pooja Verma,35.0,Female,Operations,Software Developer,93125.0,3,Master's,Bengaluru
50,Karan Gupta,36.0,Female,HR,Operations Executive,113184.0,0,Bachelor's,Noida
826,Rohan Malhotra,45.0,Female,Sales,Operations Executive,79638.0,6,Diploma,Gurgaon
3,Rohan Mehta,49.0,Female,IT,Operations Executive,102236.0,10,Diploma,Jaipur
549,Kavya Verma,35.0,Male, marketing ,HR Executive,104423.0,14,Bachelor's,Pune
353,Aarav Gupta,42.0,Male,Finance,Data Analyst,118970.0,4,Bachelor's,Hyderabad
913,Arjun Verma,26.0,Male,Finance,HR Executive,63603.0,2,Diploma,Delhi
952,Aditya Gupta,24.0,Male,HR,HR Executive,108147.0,6,Master's,Hyderabad
347,Isha Yadav,51.0,Female,Finance,Accountant,96371.0,12,Diploma,Jaipur
760,Isha Yadav,27.0,Male,Finance,Sales Executive,115552.0,5,Diploma,Pune
825,Priya Malhotra,35.0,Male,Marketing,Marketing Executive,91536.0,14,Master's,Mumbai
582,Karan Verma,40.0,Female,HR,Operations Executive,83065.0,4,Master's,Delhi
34,Arjun Verma,40.0,Male,HR,Software Developer,111951.0,4,Diploma,Mumbai
32,Karan Jain,50.0,Male,IT,Accountant,106416.0,8,Master's,Pune
232,Vikash Sharma,47.0,Male,Marketing,Sales Executive,84873.0,12,Diploma,Delhi
755,Rahul Yadav,41.0,Male,Marketing,Data Analyst,33050.0,11,Bachelor's,Pune
193,Vikash Verma,31.0,F,Finance,Accountant,67291.0,8,Master's,Hyderabad
515,Aditya Mehta,41.0,Female,Operations,Sales Executive,113236.0,9,12th,Jaipur
4,Arjun Yadav,34.0,Male,IT,Sales Executive,69118.0,11,Diploma,Delhi
205,Meera Singh,39.0,Female,Marketing,Sales Executive,34637.0,3,Master's,Gurgaon
540,Arjun Gupta,43.0,Male,Operations,Accountant,109485.0,15,Master's,Pune
663,Aarav Jain,38.0,Female,Sales,Accountant,44871.0,15,12th,Bengaluru
989,Ananya Mehta,46.0,Female,Operations,Sales Executive,69225.0,12,Bachelor's,Hyderabad
110,Vivaan Malhotra,46.0,Male,Marketing,Operations Executive,60976.0,15,Diploma,Noida
603,Riya Singh,24.0,Male,Sales,Marketing Executive,39326.0,13,Diploma,Mumbai
78,Pooja Yadav,27.0,Female,Sales,Sales Executive,26607.0,5,Bachelor's,Mumbai
85,Simran Singh,25.0,Male,Finance,Accountant,32816.0,14,Bachelor's,Chandigarh
527,Sneha Mehta,48.0,Male,HR,Marketing Executive,76740.0,7,Diploma,Gurgaon
83,Amit Singh,47.0,Female,Finance,Data Analyst,84048.0,9,12th,Gurgaon
255,Meera Jain,51.0,Female,,Data Analyst,111413.0,13,Bachelor's,Delhi
765,Pooja Singh,54.0,Female,HR,Marketing Executive,49450.0,13,Bachelor's,Hyderabad
429,Karan Yadav,28.0,Male,Sales,Operations Executive,76497.0,3,12th,Delhi
916,Amit Kumar,21.0,Male,Sales,HR Executive,86866.0,15,Master's,Hyderabad
524,Ananya Mehta,55.0,Male,Sales,Software Developer,54770.0,8,Master's,Mumbai
468,Kavya Yadav,32.0,Male,Operations,Marketing Executive,99233.0,1,Master's,Chandigarh
645,Riya Sharma,31.0,Male,sales,Software Developer,100085.0,9,12th,Gurgaon
6,Amit Verma,23.0,Male,Finance,Data Analyst,111673.0,12,Diploma,Chandigarh
406,Aarav Sharma,24.0,Male,Operations,Operations Executive,111765.0,3,12th,Chandigarh
469,Vivaan Kumar,35.0,Female,Finance,HR Executive,33239.0,11,12th,Chandigarh
98,Meera Mehta,55.0,Female,Finance,Accountant,88483.0,14,Diploma,Noida
927,Sneha Malhotra,33.0,Male,,Data Analyst,25975.0,7,Diploma,Kolkata
360,Rohan Mehta,24.0,Female,Operations,Sales Executive,75585.0,15,12th,Pune
877,Ananya Sharma,40.0,Male,HR,Sales Executive,119084.0,8,12th,Kolkata
267,Aditya Sharma,30.0,Female,Finance,Data Analyst,76068.0,9,12th,Pune
423,Aditya Patel,26.0,Female,Marketing,Sales Executive,85174.0,14,Diploma,Gurgaon
463,Vikash Patel,51.0,Female,Finance,Operations Executive,85666.0,3,Master's,Kolkata
696,Sneha Yadav,42.0,Female,IT,Data Analyst,32184.0,14,Bachelor's,Pune
974,Rahul Sharma,27.0,Female,Operations,Sales Executive,25404.0,3,Diploma,Noida
494,Sneha Mehta,26.0,Female,Finance,Marketing Executive,61167.0,6,Bachelor's,Gurgaon
119,Ananya Kumar,27.0,Female,Finance,Data Analyst,89139.0,14,12th,Noida
972,Priya Malhotra,54.0,Female,Sales,Operations Executive,59843.0,13,Diploma,Pune
251,Amit Patel,33.0,Male,Sales,Accountant,68236.0,10,Diploma,Chandigarh
343,Rohan Malhotra,42.0,Male,Sales,Data Analyst,41059.0,13,12th,Chandigarh
10,Rahul Kumar,46.0,Female,HR,Software Developer,109259.0,8,12th,Kolkata
197,Vivaan Gupta,46.0,Female,IT,Marketing Executive,63985.0,14,12th,Chandigarh
742,Neha Singh,40.0,Female,HR,Accountant,115052.0,13,Master's,Gurgaon
82,Rohan Jain,37.0,Male,HR,HR Executive,111563.0,2,Master's,Delhi
949,Vivaan Jain,49.0,Male,Finance,Software Developer,68082.0,13,Diploma,Delhi
480,Isha Jain,45.0,Male,IT,HR Executive,42329.0,13,Master's,Kolkata
626,Arjun Yadav,29.0,Male,Sales,Operations Executive,91577.0,2,Diploma,Hyderabad
240,Amit Malhotra,34.0,Male,Marketing,Software Developer,32398.0,10,Diploma,Noida
293,Pooja Malhotra,39.0,Male,Finance,Operations Executive,43388.0,1,Diploma,Delhi
212,Vivaan Gupta,,Female,Operations,Marketing Executive,78788.0,6,Diploma,Chandigarh
901,Meera Kumar,37.0,Male,Finance,Operations Executive,119219.0,5,Master's,Delhi
362,Arjun Verma,23.0,Male,Finance,Software Developer,63654.0,10,Master's,Bengaluru
533,Sneha Verma,26.0,Male,Finance,Operations Executive,44148.0,15,Master's,Noida
228,Kavya Gupta,44.0,Male,HR,HR Executive,105560.0,14,Diploma,Bengaluru
865,Vivaan Yadav,36.0,Female,IT,Software Developer,89615.0,14,12th,Gurgaon
363,Riya Patel,31.0,Male,Finance,Accountant,34830.0,0,12th,Jaipur
853,Vikash Kumar,30.0,Female,IT,Software Developer,102283.0,5,12th,Delhi
955,Neha Jain,46.0,Male,Sales,Sales Executive,74508.0,13,Master's,Chandigarh
965,Karan Mehta,26.0,Female,HR,Software Developer,39322.0,9,Bachelor's,Jaipur
366,Riya Patel,44.0,Female,IT,Software Developer,25500.0,6,Bachelor's,Delhi
771,Aditya Mehta,40.0,Female,Finance,Marketing Executive,33333.0,4,Master's,Gurgaon
860,Vivaan Patel,49.0,Female,Sales,Accountant,36094.0,0,Diploma,Bengaluru
372,Pooja Gupta,53.0,Male,IT,Operations Executive,99870.0,5,Master's,Noida
8,Meera Kumar,50.0,Female,Operations,Marketing Executive,74735.0,10,Bachelor's,Noida
156,Riya Gupta,27.0,Female,Finance,Software Developer,98133.0,10,Bachelor's,Kolkata
546,Priya Mehta,52.0,Male,Marketing,Software Developer,97281.0,10,Bachelor's,Gurgaon
808,Neha Verma,48.0,Male,Sales,Marketing Executive,73265.0,1,Diploma,Chandigarh
486,Neha Malhotra,41.0,Female,IT,HR Executive,78588.0,8,Diploma,Hyderabad
585,Neha Sharma,29.0,Male,HR,Data Analyst,46467.0,8,12th,Noida
786,Isha Mehta,44.0,Male,IT,Marketing Executive,47298.0,14,12th,Gurgaon
571,Riya Gupta,34.0,Female,Marketing,Sales Executive,51712.0,0,12th,Kolkata
478,Neha Malhotra,51.0,Male,HR,Operations Executive,88133.0,4,Master's,Kolkata
583,Amit Sharma,38.0,Male,Marketing,HR Executive,104377.0,11,Bachelor's,Chandigarh
943,Aditya Singh,21.0,Male,Sales,HR Executive,76011.0,11,Bachelor's,Gurgaon
698,Simran Kumar,28.0,Female,Operations,Operations Executive,110070.0,7,Diploma,Pune
833,Arjun Gupta,49.0,Female,Operations,Operations Executive,91308.0,11,Diploma,Jaipur
535,Karan Patel,33.0,Male,Marketing,Marketing Executive,85402.0,12,Diploma,Pune
588,Isha Jain,27.0,Female,IT,HR Executive,84193.0,12,Bachelor's,Hyderabad
715,Aditya Jain,22.0,Female,Operations,Marketing Executive,35956.0,12,Master's,Chandigarh
452,Neha Yadav,47.0,Female,Operations,Sales Executive,75860.0,0,12th,Gurgaon
457,Isha Gupta,34.0,Male,Sales,Marketing Executive,70069.0,5,Master's,Noida
229,Riya Verma,51.0,Male,HR,Marketing Executive,95453.0,14,Diploma,Gurgaon
12,Sneha Mehta,31.0,Female,Marketing,Data Analyst,114192.0,14,Diploma,Hyderabad
750,Meera Jain,52.0,Female,Marketing,Software Developer,89258.0,0,Bachelor's,Bengaluru
213,Meera Yadav,54.0,Female,HR,Sales Executive,74391.0,11,Diploma,Kolkata
80,Neha Malhotra,40.0,Male,IT,Accountant,36164,7,12th,Chandigarh
149,Riya Yadav,52.0,Female,Operations,Accountant,85811.0,10,Master's,Chandigarh
303,Aditya Verma,38.0,Female,Sales,Sales Executive,107288.0,12,Diploma,Pune
666,Karan Singh,32.0,Male,Sales,Marketing Executive,97676.0,12,Bachelor's,Pune
329,Sneha Verma,24.0,Male,Marketing,Data Analyst,48507.0,14,Diploma,Mumbai
670,Amit Verma,50.0,Male,Operations,Accountant,113877.0,1,Master's,Chandigarh
345,Kavya Mehta,30.0,Male,Operations,Software Developer,29541.0,15,Bachelor's,Gurgaon
712,Pooja Yadav,39.0,Male,Operations ,Marketing Executive,,3,12th,Delhi
508,Kavya Mehta,38.0,Female,Finance,HR Executive,86780.0,6,12th,Pune
134,Amit Verma,53.0,Male,Operations,Sales Executive,52884.0,11,Diploma,Gurgaon
555,Priya Malhotra,41.0,Female,Operations,Sales Executive,73722.0,7,Master's,Bengaluru
312,Rahul Verma,29.0,Male,Operations,Marketing Executive,75164.0,0,Master's,Chandigarh
759,Simran Mehta,51.0,Male,Finance,Sales Executive,102068.0,10,Bachelor's,Chandigarh
500,Raj Kumar,54.0,Male,Operations,Operations Executive,95208.0,9,Bachelor's,Bengaluru
1,Rahul Verma,28.0,Female,,HR Executive,28278.0,2,12th,Delhi
317,Aditya Jain,28.0,Female,Operations,Accountant,56599.0,0,Diploma,Pune
714,Karan Malhotra,26.0,Male,Marketing,Marketing Executive,67777.0,7,Diploma,Noida
552,Rohan Jain,54.0,female,Marketing,Marketing Executive,111098.0,13,Bachelor's,Kolkata
804,Meera Malhotra,39.0,Male,Operations,Data Analyst,67358.0,12,Bachelor's,Bengaluru
537,Arjun Kumar,33.0,Male,Operations,HR Executive,72241.0,13,Diploma,Delhi
746,Ananya Patel,38.0,Female,Operations,Sales Executive,118519.0,12,12th,Hyderabad
846,Karan Yadav,36.0,Female,Marketing,Accountant,38792.0,14,Bachelor's,Jaipur
173,Kavya Sharma,54.0,Male,Sales,Operations Executive,96313.0,12,Diploma,Mumbai
126,Amit Malhotra,,Male,Sales,Accountant,92271.0,1,Diploma,Chandigarh
990,Meera Mehta,39.0,,Operations,Operations Executive,62010.0,3,Master's,Pune
424,Neha Sharma,52.0,Male,IT,Sales Executive,110638.0,0,Bachelor's,Kolkata
809,Isha Verma,35.0,Male,Sales,Accountant,109883.0,9,12th,Bengaluru
912,Pooja Kumar,41.0,Female,IT,HR Executive,60785.0,8,Bachelor's,Pune
91,Meera Patel,28.0,Male,Operations,Operations Executive,77976.0,13,Bachelor's,Noida
948,Sneha Kumar,44.0,Female,HR,HR Executive,90369.0,1,Master's,Kolkata
182,Rohan Sharma,25.0,Female,Finance,Accountant,112973.0,4,12th,Delhi
275,Kavya Malhotra,46.0,Female,Operations,Marketing Executive,66830.0,7,Diploma,Bengaluru
904,Sneha Yadav,30.0,Male,HR,Accountant,42143.0,10,12th,Noida
70,Riya Mehta,38.0,Male,Sales,Accountant,84087.0,10,Bachelor's,Chandigarh
292,Kavya Jain,29.0,Female,Sales,HR Executive,100340.0,5,Master's,Chandigarh
132,Vivaan Malhotra,,Female,HR,Accountant,37656.0,10,Bachelor's,Bengaluru
301,Arjun Gupta,39.0,Female,Marketing,Marketing Executive,,13,Bachelor's,Mumbai
933,Sneha Kumar,22.0,M,Sales,Software Developer,34593.0,12,Bachelor's,Delhi
327,Rohan Sharma,23.0,Female,Sales,HR Executive,86835.0,13,Master's,Pune
145,Rohan Malhotra,39.0,Female,IT,Software Developer,40096.0,14,Diploma,Gurgaon
498,Priya Patel,45.0,Female,HR,Operations Executive,98815.0,14,Bachelor's,Chandigarh
678,Kavya Malhotra,36.0,Male,Marketing,HR Executive,47878.0,2,Diploma,Pune
951,Aarav Verma,45.0,Female,HR,Sales Executive,93350.0,15,Bachelor's,Noida
136,Aarav Gupta,32.0,Female,Finance,Software Developer,60818.0,4,12th,Gurgaon
782,Kavya Gupta,29.0,Female,Finance,Sales Executive,102858.0,8,Master's,Kolkata
165,Isha Verma,44.0,Male,Operations,Operations Executive,97684.0,9,Bachelor's,Jaipur
29,Amit Mehta,25.0,Male,Operations,Operations Executive,102992.0,3,Master's,Kolkata
961,Sneha Mehta,52.0,Female,Operations,Data Analyst,108228.0,7,Master's,Chandigarh
194,Aditya Jain,38.0,Female,Marketing,Accountant,41406.0,5,Master's,Jaipur
962,Rahul Singh,23.0,Male,Operations,Marketing Executive,72371.0,14,Master's,Mumbai
644,Riya Singh,39.0,Male,IT,Marketing Executive,62907.0,8,Bachelor's,Chandigarh
170,Amit Mehta,39.0,Female,IT,Data Analyst,56147.0,14,Bachelor's,Gurgaon
986,Vikash Jain,39.0,Male,Marketing,Software Developer,44119.0,3,Diploma,Kolkata
141,Vikash Sharma,39.0,Female,Marketing,Marketing Executive,113895.0,7,12th,Kolkata
174,Arjun Malhotra,22.0,Male,Finance,HR Executive,71805.0,10,Master's,Delhi
7,Raj Verma,44.0,Female,Finance,HR Executive,46319.0,5,Master's,Jaipur
897,Amit Sharma,31.0,Female,IT,Sales Executive,38742.0,7,Master's,Chandigarh
482,Neha Jain,29.0,Male,Operations,Marketing Executive,104098.0,13,Diploma,Delhi
74,Priya Yadav,54.0,Female,Operations,Accountant,70056.0,14,Diploma,Mumbai
690,Neha Sharma,35.0,Male,Marketing,Data Analyst,102564.0,1,12th,Hyderabad
584,Ananya Gupta,29.0,Female,Operations,Marketing Executive,90840.0,12,12th,Chandigarh
239,Vivaan Mehta,23.0,Male,HR,Marketing Executive,83515.0,14,Master's,Hyderabad
146,Sneha Jain,48.0,F,Sales,Accountant,38875.0,2,12th,Mumbai
800,Simran Gupta,34.0,Male,Marketing,Operations Executive,101486.0,13,Bachelor's,Noida
235,Meera Gupta,45.0,Male,Operations,Marketing Executive,74236.0,11,Bachelor's,Jaipur
221,Kavya Gupta,47.0,Male,Sales,Operations Executive,48040.0,9,Bachelor's,Delhi
479,Priya Patel,53.0,Male,Operations,Marketing Executive,59671.0,2,Master's,Bengaluru
719,Aditya Malhotra,34.0,Female,Marketing,Software Developer,64745.0,12,Bachelor's,Delhi
133,Vikash Malhotra,43.0,Female,Operations,Data Analyst,112207.0,9,Diploma,Gurgaon
842,Rohan Sharma,53.0,Female,Marketing,Software Developer,97323.0,0,Diploma,Noida
985,Vikash Kumar,21.0,Female,Finance,HR Executive,95555.0,15,12th,Jaipur
186,Vikash Patel,37.0,Female,HR,Accountant,117279.0,6,Bachelor's,Jaipur
42,Raj Verma,22.0,Male,Sales,Software Developer,111511.0,8,Diploma,Hyderabad
617,Vikash Kumar,23.0,Female,IT,Accountant,38513.0,10,Master's,Noida
109,Ananya Malhotra,51.0,Male,Sales,Accountant,38979.0,9,Diploma,Delhi
595,Vikash Patel,32.0,Male,Sales,Software Developer,118329.0,9,Master's,Gurgaon
57,Neha Sharma,47.0,Female,Marketing,Sales Executive,78424.0,6,12th,Bengaluru
409,Karan Singh,28.0,Female,HR,Accountant,38928.0,6,Diploma,Bengaluru
446,Aarav Verma,39.0,Female,Marketing,Operations Executive,53632.0,11,12th,Noida
568,Pooja Sharma,43.0,Female,Marketing,HR Executive,105769.0,7,Master's,Pune
869,Raj Mehta,21.0,Female,Finance,Accountant,32887.0,11,Master's,Kolkata
25,Amit Gupta,27.0,Male,IT,Operations Executive,31630.0,13,12th,Chandigarh
421,Kavya Patel,24.0,Male,Marketing,Operations Executive,26526.0,5,Bachelor's,Chandigarh
450,Aditya Gupta,55.0,Female,Operations,Operations Executive,117109.0,0,12th,Pune
536,Isha Verma,31.0,Male,Operations,Accountant,,8,12th,Mumbai
779,Isha Verma,48.0,Male,Operations,Software Developer,38159.0,11,12th,Kolkata
174,Arjun Malhotra,22.0,Male,Finance,HR Executive,71805.0,10,Master's,Delhi
935,Raj Gupta,36.0,Female,HR,Sales Executive,118530.0,5,Bachelor's,Kolkata
339,Amit Yadav,23.0,Female,HR,Data Analyst,53183.0,12,Bachelor's,Mumbai
52,Neha Kumar,36.0,Male,IT,Operations Executive,44342.0,5,12th,Delhi
716,Sneha Gupta,41.0,Male,Operations,Software Developer,104058.0,13,Diploma,Bengaluru
520,Riya Gupta,46.0,Male,IT,Software Developer,93679.0,2,12th,Mumbai
929,Rohan Malhotra,46.0,Male,Sales,HR Executive,105350.0,13,12th,Bengaluru
639,Amit Gupta,48.0,Female,Sales,Software Developer,97358.0,13,Bachelor's,Kolkata
265,Meera Mehta,38.0,Female,HR,Software Developer,84054.0,13,Master's,Kolkata
542,Meera Patel,52.0,Female,Marketing,Software Developer,117618.0,6,Master's,Hyderabad
718,Neha Mehta,47.0,Female,HR,Operations Executive,82999.0,4,Bachelor's,Jaipur
689,Neha Kumar,51.0,Female,IT,Marketing Executive,85655.0,7,Diploma,Bengaluru
590,Isha Gupta,31.0,Female,Marketing,Data Analyst,80372.0,14,12th,Gurgaon
523,Simran Mehta,32.0,M,Operations,Marketing Executive,102441.0,9,Diploma,Chandigarh
451,Raj Jain,23.0,Male,IT,HR Executive,36471.0,2,Master's,Mumbai
19,Simran Jain,36.0,Male,Finance,Data Analyst,54451.0,7,Master's,Delhi
723,Amit Sharma,47.0,Female,Operations,Marketing Executive,48510.0,3,Diploma,Chandigarh
487,Sneha Kumar,48.0,Female,Marketing,Software Developer,99012.0,13,12th,Jaipur
573,Ananya Verma,21.0,Female,Operations,Software Developer,33729.0,0,Diploma,Bengaluru
437,Raj Gupta,33.0,Male,Finance,Marketing Executive,59993.0,1,Diploma,Noida
368,Sneha Yadav,37.0,Female,HR,Software Developer,36945.0,5,12th,Delhi
84,Meera Kumar,35.0,Male,Sales,Data Analyst,59675.0,4,Diploma,Jaipur
62,Sneha Singh,41.0,Female,Finance,Software Developer,52742.0,13,Diploma,Gurgaon
441,Rohan Gupta,39.0,Male,Operations,Data Analyst,83827.0,3,12th,Delhi
273,Riya Mehta,29.0,Male,Sales,Software Developer,64932.0,10,12th,Pune
286,Rohan Gupta,48.0,Male,Sales,Marketing Executive,85562.0,13,12th,Delhi
361,Simran Kumar,55.0,female,Sales,Operations Executive,74197.0,5,12th,Gurgaon
355,Kavya Yadav,41.0,Male,Operations,Sales Executive,42884.0,5,Diploma,Noida
653,Arjun Singh,38.0,Female,Finance,Operations Executive,68904.0,12,12th,Noida
279,Ananya Jain,46.0,Female,Marketing,Data Analyst,95040.0,2,Bachelor's,Noida
13,Raj Yadav,21.0,Male,Operations,Accountant,114166.0,3,Diploma,Bengaluru
183,Ananya Mehta,29.0,Male,Operations,Software Developer,33812.0,1,Master's,Chandigarh
369,Raj Malhotra,37.0,Female,Finance,HR Executive,82637.0,1,Master's,Gurgaon
496,Simran Sharma,35.0,Male,Sales,Sales Executive,104477.0,8,Master's,Bengaluru
622,Vikash Yadav,46.0,Female,Marketing,Software Developer,48459.0,6,Bachelor's,Chandigarh
224,Sneha Mehta,42.0,Male,HR,Accountant,63669.0,10,Bachelor's,Bengaluru
811,Arjun Jain,24.0,Male,IT,Accountant,97219.0,13,12th,Gurgaon
706,Kavya Yadav,29.0,Male,Finance,HR Executive,65172.0,9,Bachelor's,Jaipur
507,Riya Singh,45.0,Male,Finance,Software Developer,101153.0,5,Diploma,Noida
550,Isha Sharma,47.0,Male,Marketing,Software Developer,73374.0,2,Diploma,Gurgaon
589,Pooja Mehta,,Male,HR,Software Developer,92649.0,9,Diploma,Chandigarh
957,Sneha Jain,45.0,Female,Sales,Software Developer,85771.0,15,Bachelor's,Pune
177,Karan Singh,46.0,Female,Finance,Data Analyst,96176.0,11,Bachelor's,Pune
741,Kavya Verma,39.0,Male,IT,Software Developer,98024.0,12,Diploma,Chandigarh
634,Vikash Sharma,24.0,Female,IT,Operations Executive,25110.0,7,12th,Kolkata
592,Karan Patel,49.0,Male,Sales,Accountant,28265.0,2,Diploma,Pune
591,Meera Gupta,53.0,Male,Marketing,Marketing Executive,,12,12th,Pune
394,Meera Gupta,27.0,Male,Operations,Software Developer,86706.0,10,Bachelor's,Noida
164,Riya Gupta,54.0,Male,HR,Operations Executive,79874.0,8,Bachelor's,Chandigarh
249,Kavya Yadav,44.0,Female,Sales,Data Analyst,92215.0,6,Diploma,Pune
708,Priya Malhotra,30.0,Male,IT,Data Analyst,46135.0,4,12th,Mumbai
894,Simran Gupta,42.0,Female,IT,Accountant,63150.0,1,Master's,Hyderabad
676,Aarav Sharma,45.0,Male,Sales,Data Analyst,45677.0,5,Bachelor's,Kolkata
376,Sneha Patel,27.0,Female,Sales,Software Developer,62498.0,15,Bachelor's,Jaipur
413,Vikash Yadav,24.0,Male,IT,Operations Executive,38082.0,10,12th,Gurgaon
75,Priya Verma,37.0,Male,Operations,HR Executive,55217.0,5,Master's,Noida
114,Amit Mehta,42.0,Female,IT,HR Executive,40095.0,11,Bachelor's,Bengaluru
579,Rahul Malhotra,42.0,Male,HR,Marketing Executive,83873.0,6,Master's,Mumbai
939,Karan Verma,45.0,Male,Finance,HR Executive,51442.0,0,12th,Delhi
391,Riya Mehta,30.0,Male,IT,Operations Executive,92802.0,10,Master's,Delhi
105,Isha Mehta,43.0,Female,HR,HR Executive,74131.0,5,Master's,Jaipur
115,Raj Malhotra,21.0,Male,Sales,Software Developer,59663.0,12,Diploma,Gurgaon
418,Arjun Mehta,22.0,Male,Sales,Sales Executive,114714.0,14,Bachelor's,Gurgaon
594,Rohan Yadav,31.0,Female,IT,Operations Executive,74634.0,4,Master's,Jaipur
458,Simran Sharma,,Male,HR,Marketing Executive,50470.0,14,Bachelor's,Mumbai
410,Karan Patel,39.0,Male,Marketing,Sales Executive,46020.0,10,Master's,Delhi
93,Riya Kumar,49.0,Female,IT,Data Analyst,116521.0,5,Diploma,Hyderabad
569,Amit Malhotra,30.0,Male,Operations,Data Analyst,36247.0,4,Diploma,Delhi
90,Pooja Verma,,Female,Marketing,Data Analyst,62777.0,10,Diploma,Pune
337,Pooja Yadav,27.0,Male,HR,Sales Executive,45369.0,13,Bachelor's,Hyderabad
999,Aarav Mehta,25.0,Male,Sales,Operations Executive,118555.0,15,Bachelor's,Hyderabad
930,Vivaan Kumar,32.0,Male,Sales,Marketing Executive,116556.0,5,Diploma,Hyderabad
942,Priya Gupta,28.0,Male,IT,Software Developer,55462.0,0,12th,Pune
612,Raj Mehta,28.0,Female,Operations,Data Analyst,65407.0,2,12th,Noida
600,Vikash Malhotra,24.0,Female,HR,HR Executive,39272.0,5,12th,Kolkata
618,Arjun Singh,39.0,Female,Sales,Marketing Executive,61261.0,4,Master's,Mumbai
95,Kavya Patel,39.0,Female,Sales,Operations Executive,91698.0,7,12th,Hyderabad
12,Sneha Mehta,31.0,Female,Marketing,Data Analyst,114192.0,14,Diploma,Hyderabad
397,Neha Sharma,53.0,Female,Marketing,Software Developer,40704.0,4,Master's,Noida
874,Aditya Verma,32.0,Female,Sales,Accountant,79154.0,0,12th,Gurgaon
44,Isha Verma,48.0,Female,Sales,Accountant,70309.0,12,Master's,Mumbai
43,Raj Gupta,46.0,Female,IT,Data Analyst,114065.0,8,Bachelor's,Gurgaon
330,Karan Singh,41.0,Female,IT,Software Developer,36322.0,9,Master's,Chandigarh
168,Vivaan Singh,27.0,Female,HR,HR Executive,118677.0,15,Master's,Chandigarh
501,Ananya Kumar,42.0,Male,Sales,Software Developer,34965.0,8,Master's,Noida
885,Arjun Patel,22.0,Female,Finance,HR Executive,102664.0,7,Diploma,Delhi
604,Simran Patel,54.0,Female,HR,Accountant,100385.0,15,12th,Jaipur
893,Meera Gupta,48.0,Female,Finance,Accountant,92256.0,4,12th,Mumbai
101,Rahul Mehta,27.0,Female,IT,Marketing Executive,93937.0,4,Bachelor's,Chandigarh
427,Vikash Jain,21.0,Female,Operations,Operations Executive,69742.0,11,Bachelor's,Delhi
179,Neha Verma,52.0,Female,IT,Marketing Executive,73148.0,13,Master's,Hyderabad
445,Amit Kumar,55.0,Female,IT,Software Developer,95390.0,10,Diploma,Pune
417,Pooja Gupta,27.0,Female,Marketing,Marketing Executive,79529.0,12,Diploma,Kolkata
654,Rohan Yadav,33.0,Female,Operations,Marketing Executive,93151.0,0,Bachelor's,Gurgaon
891,Karan Malhotra,27.0,Male,Marketing,Operations Executive,26610.0,4,Diploma,Pune
665,Priya Verma,46.0,Male,Finance,Accountant,32234.0,14,Diploma,Noida
178,Pooja Mehta,38.0,Female,Sales,Sales Executive,41315.0,10,Master's,Chandigarh
396,Simran Malhotra,28.0,Male,Operations,Accountant,86674.0,2,12th,Noida
683,Priya Kumar,49.0,Female,Sales,HR Executive,102687.0,3,Diploma,Noida
802,Pooja Patel,27.0,Male,,Data Analyst,67406.0,14,Diploma,Kolkata
971,Vivaan Verma,24.0,Male,Operations,Accountant,59875.0,6,Bachelor's,Bengaluru
981,Riya Verma,52.0,Female,HR,Accountant,36854.0,10,12th,Bengaluru
384,Ananya Yadav,49.0,Female,Marketing,Accountant,48276.0,5,Diploma,Gurgaon
967,Rahul Kumar,31.0,Female,HR,Marketing Executive,48121.0,15,Master's,Hyderabad
619,Ananya Jain,28.0,Male,HR,Accountant,26999,10,Diploma,Jaipur
258,Simran Kumar,46.0,Female,Sales,Sales Executive,35357.0,7,Diploma,Gurgaon
336,Raj Kumar,46.0,Female,Finance,Sales Executive,116845.0,2,Master's,Jaipur
16,Vivaan Kumar,22.0,Female,Finance,HR Executive,39662.0,2,Bachelor's,Chandigarh
636,Ananya Mehta,51.0,Male,Marketing,Sales Executive,43228.0,4,Diploma,Jaipur
325,Vivaan Patel,25.0,Female,Marketing,Software Developer,90031.0,5,Diploma,Jaipur
766,Rahul Singh,33.0,Female,HR,HR Executive,72746.0,13,12th,Pune
223,Rohan Patel,50.0,Male,IT,Software Developer,60761.0,8,Master's,Delhi
180,Vikash Singh,39.0,Male,IT,Software Developer,67101.0,14,12th,Jaipur
994,Rahul Mehta,53.0,Female,Marketing,Sales Executive,110209.0,7,Bachelor's,Gurgaon
522,Meera Singh,43.0,Female,Sales,Operations Executive,67624.0,14,Master's,Hyderabad
23,Arjun Kumar,27.0,Female,Operations,Software Developer,32944.0,6,Master's,Hyderabad
357,Priya Malhotra,46.0,Male,HR,Accountant,99381.0,7,Bachelor's,Chandigarh
680,Rahul Patel,34.0,Male,HR,Data Analyst,61231.0,15,Master's,Jaipur
870,Meera Malhotra,53.0,Male,HR,Marketing Executive,61872.0,2,Diploma,Gurgaon
341,Amit Gupta,27.0,Male,IT,Data Analyst,43322.0,6,12th,Pune
432,Neha Malhotra,45.0,Female,Marketing,Sales Executive,111182.0,7,Diploma,Bengaluru
803,Pooja Yadav,21.0,Male,Operations,Accountant,68178.0,4,Master's,Delhi
842,Rohan Sharma,53.0,Female,Marketing,Software Developer,97323.0,0,Diploma,Noida
204,Vivaan Malhotra,44.0,Female,IT,Sales Executive,77855.0,6,Diploma,Hyderabad
637,Rahul Patel,29.0,Male,Operations,Data Analyst,26520.0,13,Master's,Gurgaon
94,Arjun Patel,21.0,Female,IT,HR Executive,97384.0,3,Master's,Chandigarh
807,Sneha Patel,27.0,Male,Sales,Sales Executive,73163.0,8,12th,Gurgaon
69,Simran Singh,38.0,Female,Sales,Sales Executive,105728.0,10,Master's,Gurgaon
629,Riya Patel,25.0,Female,IT,Accountant,118311.0,10,Bachelor's,Chandigarh
285,Isha Gupta,27.0,Male,Operations,HR Executive,113754.0,5,Diploma,Hyderabad
886,Riya Malhotra,42.0,Male,IT,Operations Executive,93114.0,14,Bachelor's,Chandigarh
435,Ananya Jain,55.0,Female,Operations,Data Analyst,116004.0,15,12th,Hyderabad
154,Isha Malhotra,36.0,Female,Sales,Accountant,117749.0,5,Diploma,Pune
76,Karan Singh,51.0,Female,IT,Operations Executive,61241.0,7,Diploma,Jaipur
738,Karan Jain,39.0,Male,Operations,Data Analyst,47514.0,15,Diploma,Kolkata
447,Arjun Mehta,36.0,Female,Sales,Operations Executive,30226.0,8,Diploma,Delhi
189,Meera Malhotra,29.0,Female,IT,Software Developer,56029.0,11,12th,Hyderabad
272,Kavya Malhotra,51.0,Female,Finance,HR Executive,35082.0,6,12th,Gurgaon
237,Pooja Yadav,48.0,Female,HR,HR Executive,94721.0,4,Diploma,Noida
488,Simran Yadav,44.0,Female,Finance,Software Developer,98281.0,12,Master's,Gurgaon
118,Ananya Jain,27.0,Male,Sales,Sales Executive,55775.0,13,Master's,Bengaluru
827,Riya Patel,51.0,Male,HR,HR Executive,41920.0,3,12th,Chandigarh
513,Meera Jain,49.0,Female,Finance,Software Developer,68864.0,8,Diploma,Delhi
558,Pooja Yadav,53.0,,IT,Data Analyst,97918.0,4,Master's,Mumbai
598,Raj Malhotra,26.0,Male,HR,Accountant,103802.0,6,Bachelor's,Jaipur
127,Arjun Patel,22.0,Female,Sales,Sales Executive,32972.0,14,Bachelor's,Gurgaon
117,Vivaan Sharma,40.0,Female,IT,HR Executive,110097.0,9,12th,Gurgaon
474,Neha Yadav,31.0,Male,Operations,HR Executive,72477.0,3,12th,Chandigarh
966,Neha Jain,52.0,Male,IT,Operations Executive,25206.0,13,Diploma,Bengaluru
58,Ananya Singh,22.0,Female,Sales,Data Analyst,100456.0,12,12th,Hyderabad
681,Neha Singh,23.0,Female,Finance,HR Executive,32081.0,10,12th,Delhi
921,Arjun Yadav,46.0,Female,HR,Sales Executive,33350.0,14,Diploma,Gurgaon
370,Simran Kumar,26.0,Female,Marketing,Sales Executive,112574.0,1,12th,Hyderabad
269,Priya Mehta,26.0,Male,Marketing,Accountant,71388.0,0,Diploma,Bengaluru
47,Karan Mehta,46.0,Female,Marketing,HR Executive,116384.0,12,Master's,Kolkata
350,Simran Yadav,45.0,Male,HR,HR Executive,71504.0,11,Bachelor's,Pune
196,Meera Singh,47.0,Male,Sales,Marketing Executive,106016.0,9,12th,Noida
121,Riya Sharma,28.0,Male,Operations,HR Executive,84600.0,1,Diploma,Noida
843,Ananya Singh,40.0,Male,Operations,Data Analyst,80410.0,11,Bachelor's,Delhi
744,Simran Verma,26.0,Male,Sales,Sales Executive,40626.0,5,Bachelor's,Pune
264,Aditya Yadav,43.0,Male,Sales,HR Executive,32038.0,12,Diploma,Delhi
444,Rohan Jain,43.0,Female,Marketing,HR Executive,34552.0,2,Master's,Bengaluru
810,Vikash Kumar,26.0,Female,HR,HR Executive,87601.0,13,Diploma,Kolkata
305,Raj Yadav,46.0,Female,HR,Sales Executive,53551.0,9,Diploma,Hyderabad
342,Aditya Kumar,26.0,Female,IT,Data Analyst,101326.0,14,Master's,Gurgaon
605,Arjun Sharma,35.0,Female,HR,Data Analyst,117875.0,14,Bachelor's,Noida
977,Vikash Malhotra,51.0,Male,Operations,Sales Executive,111289.0,6,Master's,Hyderabad
150,Raj Malhotra,25.0,Female,Operations,Software Developer,86462.0,1,Diploma,Hyderabad
125,Isha Verma,37.0,Male,Operations,Sales Executive,31868.0,2,12th,Chandigarh
794,Arjun Yadav,26.0,Female,HR,Software Developer,66591.0,1,Master's,Chandigarh
831,Pooja Verma,27.0,Male,Sales,Operations Executive,117589.0,3,Bachelor's,Hyderabad
51,Simran Kumar,51.0,Male,Sales,Sales Executive,105120.0,12,12th,Bengaluru
354,Sneha Malhotra,44.0,Female,Operations,Marketing Executive,34506.0,3,Diploma,Mumbai
936,Sneha Gupta,27.0,Female,IT,Accountant,48230.0,2,Bachelor's,Mumbai
143,Sneha Jain,21.0,Female,HR,HR Executive,90193.0,7,Diploma,Gurgaon
471,Sneha Yadav,55.0,Male,Sales,Marketing Executive,99732.0,2,Diploma,Bengaluru
400,Sneha Mehta,26.0,Female,Operations,Sales Executive,41961.0,15,12th,Delhi
632,Priya Singh,39.0,Female,HR,HR Executive,76115.0,9,12th,Pune
321,Neha Kumar,41.0,Male,Finance,Marketing Executive,,1,Master's,Gurgaon
20,Vivaan Yadav,25.0,Male,HR,Data Analyst,117778.0,2,Master's,Mumbai
818,Pooja Gupta,36.0,Male,IT,Software Developer,82119.0,15,12th,Delhi
801,Vikash Verma,52.0,Male,Finance,Data Analyst,113723.0,12,Diploma,Kolkata
817,Karan Sharma,21.0,Male,IT,Marketing Executive,50008.0,6,12th,Jaipur
408,Rahul Mehta,27.0,Female,Marketing,Accountant,111832.0,3,Bachelor's,Mumbai
538,Amit Sharma,31.0,Male,Sales,Operations Executive,61188.0,1,12th,Kolkata
627,Amit Jain,50.0,Female,HR,Accountant,77535.0,5,12th,Bengaluru
39,Rahul Kumar,27.0,Female,Marketing,Marketing Executive,71357.0,5,Master's,Bengaluru
176,Karan Sharma,50.0,,HR,Data Analyst,29847.0,10,Diploma,Hyderabad
246,Simran Jain,38.0,Male,IT,HR Executive,74436.0,6,12th,Noida
837,Priya Mehta,30.0,Male,IT,Software Developer,26303.0,5,12th,Delhi
674,Arjun Singh,34.0,Male,,Data Analyst,30975.0,4,12th,Jaipur
762,Aditya Malhotra,24.0,Female,HR,Accountant,63970.0,3,Diploma,Mumbai
867,Isha Kumar,29.0,Female,Sales,Data Analyst,64926.0,4,Diploma,Hyderabad
155,Riya Sharma,39.0,Female,Finance,Marketing Executive,75779.0,10,Bachelor's,Pune
288,Karan Patel,27.0,Male,Finance,Software Developer,95371.0,3,Diploma,Chandigarh
821,Riya Jain,48.0,Female,Operations,Accountant,79484.0,9,Bachelor's,Chandigarh
570,Kavya Sharma,42.0,Male,Finance,Sales Executive,115937.0,10,Master's,Hyderabad
751,Sneha Patel,28.0,Female,hr,Operations Executive,75283.0,14,Bachelor's,Delhi
18,Sneha Yadav,48.0,Male,Operations,Software Developer,52760.0,14,12th,Gurgaon
128,Raj Malhotra,41.0,,IT,HR Executive,104730,10,12th,Kolkata
323,Ananya Jain,29.0,Male,HR,Sales Executive,116946.0,8,Master's,Pune
256,Aarav Jain,54.0,Female,Marketing,Software Developer,119659.0,13,Master's,Gurgaon
775,Ananya Singh,36.0,Male,Finance,Sales Executive,61403.0,0,Bachelor's,Delhi
975,Karan Sharma,44.0,Female,Marketing,Sales Executive,84233.0,10,Bachelor's,Pune
191,Pooja Patel,25.0,Female,Operations,Data Analyst,41426.0,11,Master's,Hyderabad
116,Priya Malhotra,35.0,Male,Marketing,Accountant,86797.0,7,Bachelor's,Chandigarh
623,Vikash Patel,29.0,Female,IT,Sales Executive,37178.0,15,Master's,Noida
607,Meera Yadav,37.0,Female,Finance,Accountant,33891.0,0,Bachelor's,Pune
181,Ananya Malhotra,49.0,Female,IT,Marketing Executive,71077.0,13,Diploma,Delhi
302,Priya Kumar,29.0,Male,HR,HR Executive,116937.0,12,12th,Jaipur
231,Pooja Sharma,34.0,Female,IT,Accountant,118967.0,14,Master's,Hyderabad
900,Karan Kumar,49.0,Female,IT,Data Analyst,50480.0,9,Master's,Noida
731,Ananya Singh,25.0,Male,IT,Sales Executive,40278.0,11,Master's,Chandigarh
844,Aarav Patel,28.0,Female,Marketing,Marketing Executive,83816.0,10,Master's,Kolkata
668,Meera Singh,36.0,Female,IT,Operations Executive,89124.0,15,12th,Delhi
518,Rohan Sharma,44.0,Female,Sales,HR Executive,101928.0,4,Master's,Mumbai
995,Riya Gupta,36.0,Female,Finance,Marketing Executive,76989.0,12,Bachelor's,Chandigarh
46,Arjun Singh,42.0,M,Operations,Operations Executive,106678.0,9,12th,Pune
918,Ananya Gupta,34.0,Female,Marketing,Data Analyst,82498.0,4,Diploma,Delhi
158,Isha Verma,45.0,Female,HR,Marketing Executive,109343.0,13,Diploma,Delhi
752,Kavya Mehta,32.0,Female,Operations,HR Executive,97963.0,4,Diploma,Bengaluru
172,Neha Gupta,21.0,Female,HR,Accountant,105584.0,2,Diploma,Gurgaon
17,Kavya Jain,25.0,Male,HR,Marketing Executive,94822.0,5,Diploma,Hyderabad
512,Vivaan Kumar,24.0,Male,Operations,HR Executive,77219.0,8,12th,Gurgaon
49,Rohan Verma,49.0,Male,Marketing,Sales Executive,113555.0,9,Diploma,Gurgaon
982,Vikash Verma,48.0,Male,Finance,Data Analyst,55587.0,3,Bachelor's,Pune
849,Rohan Gupta,49.0,Female,Operations,Sales Executive,115310.0,4,12th,Chandigarh
516,Riya Malhotra,31.0,Female,Sales,Marketing Executive,108962.0,12,Bachelor's,Gurgaon
693,Pooja Malhotra,51.0,Female,Operations ,Marketing Executive,112691.0,0,12th,Chandigarh
481,Vivaan Jain,27.0,Female,Marketing,Accountant,48255.0,3,Bachelor's,Chandigarh
284,Vikash Sharma,27.0,Female,Finance,Data Analyst,82431.0,3,Bachelor's,Pune
850,Pooja Patel,29.0,Male,Operations,HR Executive,117343.0,1,Master's,Hyderabad
661,Arjun Patel,55.0,Male,Marketing,Marketing Executive,81525.0,8,Bachelor's,Delhi
226,Simran Sharma,49.0,Female,Finance,Accountant,59995.0,8,Diploma,Noida
27,Vikash Kumar,48.0,Female,HR,HR Executive,116303,1,Bachelor's,Pune
790,Sneha Kumar,21.0,Male,Finance,Marketing Executive,86457.0,12,12th,Kolkata
438,Riya Jain,55.0,Female,Sales,Data Analyst,29234.0,7,12th,Noida
960,Karan Mehta,23.0,Female,Marketing,HR Executive,41315.0,8,Diploma,Hyderabad
365,Simran Jain,40.0,Male,IT,Sales Executive,56135.0,15,Master's,Delhi
230,Rahul Gupta,28.0,Male,Marketing,Accountant,33094.0,10,12th,Gurgaon
38,Ananya Sharma,30.0,female,IT,Software Developer,81333.0,11,Master's,Noida
976,Kavya Mehta,23.0,Female,HR,Accountant,67667.0,2,Diploma,Bengaluru
375,Rahul Malhotra,54.0,Male,Sales,HR Executive,79997.0,3,Bachelor's,Kolkata
470,Arjun Jain,50.0,Male,Operations,Software Developer,31086.0,8,Diploma,Kolkata
978,Aditya Singh,53.0,Male,Sales,Operations Executive,29160.0,14,Master's,Chandigarh
859,Rohan Sharma,53.0,Male,Operations,Accountant,27446.0,8,Master's,Noida
713,Sneha Malhotra,29.0,Male,Finance,Data Analyst,113867.0,7,12th,Pune
733,Aditya Mehta,35.0,Male,HR,HR Executive,65295.0,3,Bachelor's,Delhi
195,Vivaan Malhotra,42.0,Male,IT,Data Analyst,98874.0,8,Master's,Kolkata
910,Aditya Singh,37.0,Male,HR,Operations Executive,97161.0,14,Diploma,Noida
873,Rahul Sharma,34.0,Female,IT,Marketing Executive,85266.0,15,Bachelor's,Delhi
504,Raj Patel,44.0,Female,Sales,Accountant,106352.0,5,Diploma,Bengaluru
980,Raj Patel,31.0,Female,Finance,HR Executive,67795.0,3,Master's,Hyderabad
883,Simran Sharma,21.0,Male,Finance,Data Analyst,76361.0,7,12th,Gurgaon
580,Simran Gupta,54.0,Female,HR,Marketing Executive,42727.0,10,Bachelor's,Hyderabad
979,Rohan Verma,28.0,Male,HR,HR Executive,88198.0,3,12th,Delhi
163,Pooja Patel,51.0,Female,Operations,Accountant,50430.0,9,12th,Hyderabad
709,Vivaan Yadav,44.0,Male,Marketing,Marketing Executive,49182.0,11,Master's,Pune
153,Arjun Yadav,51.0,Male,IT,Sales Executive,90715.0,2,Master's,Delhi
688,Amit Verma,31.0,Male,Marketing,Accountant,108623.0,13,12th,Noida
707,Rohan Jain,43.0,Female,HR,Accountant,62274.0,9,Master's,Jaipur
763,Ananya Verma,25.0,Female,Sales,HR Executive,99242.0,9,Diploma,Bengaluru
112,Aditya Singh,23.0,Female,Operations,HR Executive,100965.0,10,12th,Jaipur
227,Rohan Mehta,24.0,Male,Sales,Software Developer,112528.0,9,Bachelor's,Mumbai
695,Raj Malhotra,42.0,Male,Finance,Sales Executive,94588.0,6,Bachelor's,Kolkata
104,Aarav Sharma,27.0,Male,Operations,Software Developer,83153.0,10,Bachelor's,Mumbai
422,Isha Kumar,41.0,Female,Finance,Data Analyst,56574.0,12,12th,Noida
420,Amit Patel,54.0,Male,Sales,Marketing Executive,115209.0,11,12th,Jaipur
758,Neha Malhotra,22.0,Female,IT,Sales Executive,95571.0,13,Diploma,Delhi
587,Sneha Yadav,48.0,Male,Marketing,Marketing Executive,78066.0,12,Bachelor's,Hyderabad
788,Karan Mehta,48.0,Male,Finance,Marketing Executive,52080.0,5,12th,Jaipur
673,Sneha Yadav,33.0,Female,Operations,Marketing Executive,80864.0,3,Master's,Pune
120,Ananya Sharma,44.0,Female,Marketing,Marketing Executive,38022.0,12,Diploma,Noida
54,Kavya Patel,53.0,Female,HR,Marketing Executive,80933.0,8,Master's,Mumbai
152,Vivaan Patel,53.0,Female,Marketing,Accountant,75394.0,6,Diploma,Kolkata
404,Sneha Sharma,42.0,Female,HR,HR Executive,89248.0,7,Master's,Jaipur
954,Karan Singh,36.0,Female,Marketing,Sales Executive,64728.0,15,Bachelor's,Pune
208,Vikash Malhotra,41.0,Female,Marketing,Marketing Executive,46299.0,10,12th,Kolkata
659,Priya Sharma,25.0,Male,Sales,Sales Executive,61344.0,8,Diploma,Jaipur
852,Vikash Singh,30.0,Female,Finance,Software Developer,40432.0,15,Bachelor's,Jaipur
988,Kavya Mehta,35.0,Male,HR,Operations Executive,116803,9,Master's,Delhi
9,Karan Malhotra,23.0,Female,Finance,Data Analyst,66347.0,10,Master's,Chandigarh
909,Vikash Mehta,33.0,Male,Sales,HR Executive,84255.0,12,Master's,Pune
37,Arjun Verma,49.0,Female,Marketing,Data Analyst,97309.0,4,Bachelor's,Pune
453,Vivaan Verma,55.0,Male,Operations,Accountant,25773.0,11,Bachelor's,Mumbai
652,Vivaan Verma,49.0,Female,Marketing,Marketing Executive,75070.0,11,12th,Kolkata
254,Isha Patel,35.0,Male,IT,HR Executive,33908,11,Bachelor's,Kolkata
304,Aditya Patel,50.0,Female,Marketing,Data Analyst,88968.0,11,Bachelor's,Hyderabad
754,Kavya Malhotra,31.0,Male,Sales,Software Developer,91412.0,12,Diploma,Mumbai
572,Vikash Kumar,54.0,Female,HR,Data Analyst,30699.0,8,Bachelor's,Chandigarh
624,Rohan Yadav,30.0,Female,Finance,Sales Executive,105863.0,10,12th,Chandigarh
717,Vikash Patel,44.0,Female,Finance,Software Developer,26597.0,2,Master's,Chandigarh
905,Rahul Yadav,23.0,Male,Marketing,Software Developer,105744.0,7,Bachelor's,Mumbai
263,Priya Mehta,,Female,Operations,Accountant,99277.0,4,Bachelor's,Hyderabad
611,Meera Gupta,30.0,Male,Finance,Sales Executive,61760.0,12,Master's,Kolkata
298,Ananya Verma,36.0,Male,Sales,Software Developer,64021.0,14,Bachelor's,Noida
415,Arjun Mehta,38.0,Female,Finance,HR Executive,37183.0,12,12th,Mumbai
151,Vivaan Yadav,25.0,Female,Sales,Data Analyst,65685.0,9,Bachelor's,Gurgaon
984,Ananya Gupta,55.0,Female,Sales,Software Developer,49885.0,7,Bachelor's,Bengaluru
641,Kavya Verma,51.0,Female,IT,Accountant,117390.0,4,Diploma,Chandigarh
938,Vikash Patel,54.0,Male,Sales,Marketing Executive,109018.0,1,Bachelor's,Delhi
551,Amit Jain,34.0,Male,IT,Marketing Executive,93089.0,12,Master's,Noida
799,Vikash Gupta,28.0,Male,HR,Operations Executive,70823.0,5,Diploma,Kolkata
489,Isha Mehta,35.0,Male,IT,HR Executive,83536.0,10,Bachelor's,Jaipur
711,Meera Jain,50.0,Male,IT,Marketing Executive,66971.0,10,Diploma,Chandigarh
148,Karan Gupta,30.0,Male,HR,Software Developer,55968.0,4,Bachelor's,Jaipur
147,Isha Verma,42.0,Female,Operations ,Data Analyst,54041.0,6,Diploma,Pune
854,Vivaan Mehta,28.0,Female,IT,Operations Executive,96766.0,15,Diploma,Kolkata
940,Aditya Kumar,21.0,Male,Operations,Marketing Executive,69186.0,3,Master's,Jaipur
747,Raj Patel,38.0,Female,IT,Data Analyst,44316.0,15,Master's,Jaipur
660,Sneha Gupta,49.0,Female,HR,Accountant,34096.0,15,Bachelor's,Jaipur
349,Amit Singh,35.0,Male,HR,Marketing Executive,45922.0,1,Master's,Kolkata
464,Raj Verma,26.0,Male,Marketing,HR Executive,61780.0,2,Bachelor's,Hyderabad
326,Isha Sharma,37.0,Male,HR,Marketing Executive,38487.0,1,Bachelor's,Noida
187,Aditya Yadav,25.0,Male,Operations,Sales Executive,84250.0,11,Bachelor's,Hyderabad
124,Amit Malhotra,22.0,Male,Finance,Operations Executive,42275.0,10,Bachelor's,Jaipur
862,Raj Verma,55.0,Female,HR,HR Executive,47040.0,4,Diploma,Bengaluru
609,Meera Yadav,29.0,Male,Operations,Sales Executive,88110.0,14,12th,Delhi
144,Aditya Yadav,46.0,Female,IT,Sales Executive,,13,12th,Bengaluru
969,Aditya Singh,49.0,Male,,HR Executive,107160.0,2,12th,Gurgaon
198,Priya Yadav,50.0,Female,Marketing,HR Executive,51741.0,11,12th,Jaipur
610,Aarav Kumar,54.0,Female,Marketing,Accountant,64235.0,10,Diploma,Gurgaon
280,Sneha Yadav,43.0,Male,Marketing,Marketing Executive,46802.0,13,Bachelor's,Delhi
294,Isha Patel,52.0,Male,Sales,Accountant,42895.0,13,12th,Bengaluru
401,Aarav Yadav,23.0,Male,Operations,Software Developer,94963.0,6,Bachelor's,Delhi
123,Rahul Gupta,30.0,Male,Finance,Operations Executive,103116.0,8,Master's,Gurgaon
184,Rahul Jain,44.0,Female,IT,Accountant,73760.0,11,12th,Pune
203,Aarav Verma,52.0,Female,Finance,Accountant,103317.0,13,Master's,Mumbai
439,Vivaan Mehta,53.0,Female,Operations,Marketing Executive,116242.0,12,12th,Pune
247,Arjun Patel,42.0,Male,HR,HR Executive,64739.0,7,Master's,Bengaluru
416,Rohan Verma,45.0,Female,Sales,Marketing Executive,115426.0,4,Bachelor's,Jaipur
784,Riya Kumar,35.0,Male,Marketing,Marketing Executive,27717.0,2,12th,Noida
868,Vivaan Sharma,31.0,Female,Marketing,Sales Executive,57133.0,14,Diploma,Jaipur
915,Vikash Singh,29.0,Female,IT,Operations Executive,118871.0,11,12th,Bengaluru
931,Karan Patel,39.0,Male,Operations,Marketing Executive,112380.0,13,Bachelor's,Pune
896,Priya Malhotra,50.0,Female,Marketing,Accountant,103612.0,9,12th,Pune
130,Pooja Mehta,49.0,Female,Finance,Operations Executive,54949.0,13,Bachelor's,Pune
638,Riya Mehta,29.0,Female,Sales,Operations Executive,109180.0,5,12th,Hyderabad
403,Isha Malhotra,23.0,Female,Sales,Marketing Executive,64085.0,10,12th,Jaipur
895,Karan Verma,24.0,Female,HR,HR Executive,80320.0,10,Master's,Chandigarh
778,Aditya Patel,41.0,Female,IT,Software Developer,109466.0,15,12th,Pune
736,Rahul Singh,33.0,Female,IT,Data Analyst,49219.0,11,Diploma,Jaipur
922,Riya Patel,31.0,Male,IT,Operations Executive,38672.0,0,Master's,Noida
220,Aditya Malhotra,39.0,Female,Operations,Data Analyst,67096.0,7,Bachelor's,Jaipur
642,Aditya Jain,54.0,Male,HR,Sales Executive,35254.0,9,Bachelor's,Pune
924,Neha Mehta,44.0,Male,HR,Software Developer,92964.0,5,Bachelor's,Jaipur
760,Isha Yadav,27.0,Male,Finance,Sales Executive,115552.0,5,Diploma,Pune
815,Aarav Gupta,55.0,Male,Sales,Data Analyst,27348.0,15,12th,Bengaluru
928,Aditya Singh,52.0,Female,Marketing,Data Analyst,85319.0,14,Diploma,Mumbai
625,Kavya Patel,22.0,Female,IT,Software Developer,33567.0,5,Diploma,Pune
847,Neha Gupta,48.0,Male,IT,Data Analyst,79008.0,15,Master's,Chandigarh
768,Amit Singh,36.0,Male,HR,Data Analyst,39884.0,14,12th,Hyderabad
387,Vikash Singh,21.0,Female,Marketing,Operations Executive,54329.0,13,12th,Pune
983,Priya Mehta,33.0,Female,HR,Operations Executive,40218.0,0,Diploma,Delhi
510,Rahul Gupta,36.0,Female,Sales,HR Executive,97789.0,15,Bachelor's,Jaipur
268,Neha Patel,38.0,Male,IT,HR Executive,38399.0,13,Bachelor's,Delhi
828,Aarav Yadav,40.0,Male,Marketing,Data Analyst,55765.0,8,Diploma,Jaipur
442,Simran Singh,48.0,Female,HR,HR Executive,61583.0,0,Diploma,Chandigarh
497,Priya Verma,53.0,Male,Marketing,Software Developer,38954.0,8,Diploma,Chandigarh
113,Raj Gupta,33.0,Female,Marketing,Accountant,42322,8,12th,Mumbai
692,Ananya Singh,21.0,Female,HR,HR Executive,115853.0,7,Bachelor's,Delhi
233,Ananya Verma,34.0,Male,IT,Sales Executive,100800.0,1,Bachelor's,Chandigarh
878,Arjun Singh,34.0,Male,Operations,Sales Executive,25935.0,15,Master's,Hyderabad
608,Priya Yadav,42.0,Male,HR,HR Executive,76910.0,15,12th,Delhi
672,Arjun Verma,27.0,Male,Marketing,Data Analyst,84793.0,15,Master's,Gurgaon
374,Meera Yadav,25.0,Female,Marketing,Sales Executive,36406.0,8,12th,Delhi
992,Karan Sharma,39.0,Male,HR,Operations Executive,43982.0,11,Bachelor's,Jaipur
851,Ananya Malhotra,44.0,Female,IT,Data Analyst,40566.0,9,Bachelor's,Hyderabad
234,Rahul Mehta,23.0,Female,HR,Operations Executive,62629.0,11,12th,Chandigarh
793,Isha Patel,23.0,Male,Finance,HR Executive,101085.0,10,12th,Jaipur
677,Karan Gupta,39.0,Female,Operations,HR Executive,79555.0,8,12th,Bengaluru
318,Rohan Patel,29.0,Female,Finance,Accountant,75703.0,2,Bachelor's,Kolkata
649,Pooja Gupta,30.0,Female,sales,HR Executive,90004.0,6,Diploma,Delhi
411,Simran Patel,21.0,Male,IT,Operations Executive,113032.0,4,Bachelor's,Hyderabad
907,Pooja Gupta,45.0,Female,Sales,Accountant,109550.0,10,Diploma,Hyderabad
710,Arjun Sharma,49.0,Male,Marketing,Software Developer,95761.0,12,12th,Jaipur
359,Aditya Yadav,21.0,Male,HR,Marketing Executive,59761.0,8,Bachelor's,Delhi
259,Meera Patel,23.0,Female,Sales,Sales Executive,37255.0,1,Bachelor's,Jaipur
745,Sneha Verma,33.0,Male,Marketing,Operations Executive,69385.0,7,12th,Chandigarh
628,Neha Mehta,25.0,Male,Operations,Accountant,69658.0,10,Master's,Jaipur
633,Sneha Gupta,26.0,Male,Marketing,Accountant,101379.0,9,Bachelor's,Pune
283,Pooja Kumar,28.0,Female,Finance,Software Developer,43569.0,15,Diploma,Chandigarh
377,Sneha Sharma,38.0,Male,Marketing,Accountant,77818.0,12,Diploma,Noida
385,Simran Kumar,39.0,Female,IT,HR Executive,28597.0,7,Master's,Noida
225,Amit Sharma,27.0,Male,Sales,Software Developer,49219.0,8,12th,Noida
964,Vikash Jain,33.0,Male,Sales,Software Developer,80436.0,12,Diploma,Bengaluru
823,Neha Patel,41.0,Male,Finance,Marketing Executive,97516.0,3,12th,Kolkata
473,Isha Singh,29.0,Male,HR,Data Analyst,82658.0,6,Master's,Jaipur
348,Raj Sharma,22.0,Male,IT,Operations Executive,66795.0,15,Diploma,Kolkata
506,Pooja Yadav,32.0,Male,Operations,Accountant,84925.0,0,Bachelor's,Noida
640,Simran Yadav,52.0,Female,Sales,Accountant,56031.0,1,Bachelor's,Kolkata
998,Neha Singh,32.0,Female,Operations,Marketing Executive,75326.0,4,Bachelor's,Pune
798,Kavya Patel,23.0,Female,Operations,Accountant,82870.0,15,Bachelor's,Jaipur
937,Vivaan Jain,30.0,Female,HR,HR Executive,82757.0,6,12th,Delhi
914,Priya Singh,55.0,Female,HR,Marketing Executive,51254.0,9,Diploma,Noida
620,Vikash Malhotra,39.0,Male,HR,Data Analyst,100246.0,10,12th,Delhi
864,Arjun Sharma,30.0,Female,Finance,Sales Executive,79109.0,6,Master's,Kolkata
812,Simran Verma,50.0,Female,Finance,Software Developer,111619.0,0,Bachelor's,Chandigarh
646,Rahul Malhotra,29.0,Male,Finance,Software Developer,91269.0,8,Diploma,Mumbai
855,Riya Gupta,49.0,Female,Sales,Operations Executive,69279.0,4,12th,Chandigarh
557,Karan Yadav,29.0,Male,Finance,HR Executive,64562.0,0,Diploma,Hyderabad
968,Vivaan Gupta,28.0,Male,Operations ,HR Executive,84069.0,6,Diploma,Bengaluru
578,Simran Gupta,26.0,Male,Sales,HR Executive,75096.0,13,Diploma,Kolkata
796,Pooja Sharma,41.0,Male,Marketing,Operations Executive,89392.0,6,Master's,Delhi
86,Meera Patel,40.0,Female,Operations ,Accountant,116715.0,14,Bachelor's,Kolkata
243,Meera Patel,30.0,F,HR,Operations Executive,64306.0,7,Master's,Mumbai
699,Aditya Yadav,38.0,Female,Finance,Data Analyst,91003.0,11,12th,Chandigarh
160,Meera Jain,25.0,Male,Marketing,Operations Executive,63770.0,1,Diploma,Kolkata
525,Kavya Jain,21.0,Male,Finance,Software Developer,25012.0,0,12th,Chandigarh
36,Aarav Yadav,26.0,,Finance,Data Analyst,108136.0,4,Diploma,Jaipur
541,Sneha Yadav,43.0,Male,IT,Marketing Executive,82503.0,4,Diploma,Delhi
171,Simran Kumar,52.0,Male,Operations,Accountant,103215.0,4,Diploma,Bengaluru
655,Pooja Yadav,21.0,Male,Marketing,Data Analyst,78903.0,7,Diploma,Mumbai
899,Aarav Jain,21.0,Male,IT,Software Developer,72555.0,3,Master's,Mumbai
866,Aarav Singh,51.0,Female,Operations,HR Executive,28788.0,3,Master's,Hyderabad
856,Riya Malhotra,49.0,Female,IT,Operations Executive,44527.0,13,12th,Noida
953,Karan Kumar,26.0,Female,Finance,HR Executive,80868.0,13,Master's,Kolkata
734,Vivaan Jain,51.0,Male,HR,Data Analyst,81524.0,1,12th,Gurgaon
96,Rahul Verma,30.0,Male,Marketing,Accountant,75277.0,8,12th,Pune
564,Aditya Patel,39.0,Male,HR,Software Developer,76684.0,1,12th,Mumbai
241,Raj Sharma,40.0,Male,Sales,Software Developer,43777.0,5,12th,Hyderabad
743,Kavya Verma,51.0,Female,HR,Data Analyst,114015.0,12,12th,Hyderabad
575,Isha Singh,53.0,Male,IT,HR Executive,85029.0,10,12th,Bengaluru
691,Arjun Patel,23.0,Female,Sales,Operations Executive,80797.0,15,Master's,Gurgaon
461,Ananya Yadav,40.0,Male,Marketing,Accountant,115892.0,13,Master's,Delhi
554,Meera Malhotra,46.0,Female,Operations,HR Executive,91151.0,14,Diploma,Pune
887,Priya Verma,28.0,Male,IT,Sales Executive,36211.0,4,Bachelor's,Chandigarh
207,Pooja Gupta,23.0,Female,Sales,Accountant,42961.0,4,Diploma,Kolkata
393,Isha Singh,55.0,Female,Operations,Software Developer,108665.0,5,Master's,Mumbai
795,Riya Singh,38.0,Female,Finance,Software Developer,72263.0,10,12th,Jaipur
398,Rohan Verma,42.0,Female,HR,Software Developer,78633.0,15,Diploma,Jaipur
767,Vikash Gupta,25.0,Male,Sales,Software Developer,108090.0,8,Master's,Bengaluru
884,Aditya Verma,36.0,Male,Finance,Software Developer,50805.0,0,12th,Bengaluru
218,Vivaan Verma,24.0,Male,Operations,HR Executive,112796.0,13,Diploma,Chandigarh
5,Meera Singh,50.0,Male,Sales,Data Analyst,95284.0,11,Master's,Gurgaon
769,Raj Gupta,48.0,Male,HR,HR Executive,80314.0,0,Diploma,Mumbai
643,Kavya Malhotra,55.0,Female,Sales,Accountant,26413.0,10,12th,Pune
906,Aditya Patel,29.0,Female,HR,Marketing Executive,91619.0,2,Master's,Hyderabad
613,Vikash Gupta,44.0,Female,HR,Accountant,84232.0,3,Diploma,Delhi
739,Ananya Mehta,32.0,Male,HR,Operations Executive,82627.0,13,Master's,Hyderabad
547,Rahul Gupta,54.0,Male,IT,Operations Executive,,1,Master's,Gurgaon
726,Ananya Mehta,29.0,Male,IT,Software Developer,71843.0,11,Bachelor's,Mumbai
684,Amit Verma,27.0,Female,HR,Sales Executive,56079.0,15,12th,Delhi
99,Neha Sharma,36.0,Female,HR,Operations Executive,99946.0,10,12th,Bengaluru
805,Aarav Kumar,37.0,Male,Sales,Data Analyst,48332.0,5,12th,Bengaluru
728,Simran Yadav,40.0,Female,IT,Accountant,60580.0,4,Bachelor's,Jaipur
574,Riya Jain,35.0,Male,Finance,Sales Executive,74899.0,2,Master's,Noida
407,Rahul Kumar,45.0,Female,Sales,Marketing Executive,41199.0,0,Diploma,Bengaluru
503,Kavya Malhotra,43.0,Male,IT,Data Analyst,,0,Bachelor's,Chandigarh
48,Karan Mehta,40.0,Male,,Software Developer,78225.0,10,12th,Chandigarh
33,Pooja Jain,25.0,Female,Finance,HR Executive,57018.0,9,Bachelor's,Hyderabad
780,Rohan Patel,41.0,Male,IT,Marketing Executive,84409.0,4,Bachelor's,Bengaluru
840,Sneha Kumar,34.0,M,Operations,Software Developer,96358.0,9,Bachelor's,Delhi
201,Pooja Patel,41.0,Male,Sales,Accountant,49881.0,9,12th,Delhi
135,Meera Malhotra,38.0,Male,Sales,Operations Executive,100248.0,0,Diploma,Delhi
28,Isha Gupta,24.0,Female,Marketing,Operations Executive,31572.0,1,Bachelor's,Jaipur
889,Riya Malhotra,46.0,Female,HR,Operations Executive,37560.0,0,12th,Bengaluru
231,Pooja Sharma,34.0,Female,IT,Accountant,118967.0,14,Master's,Hyderabad
490,Rahul Patel,45.0,Male,IT,Operations Executive,108345.0,13,Bachelor's,Gurgaon
773,Arjun Gupta,45.0,Female,HR,HR Executive,55924.0,6,Diploma,Chandigarh
379,Pooja Yadav,27.0,Male,Finance,Marketing Executive,54878.0,8,12th,Kolkata
289,Riya Mehta,54.0,Female,Marketing,Sales Executive,108769.0,3,Diploma,Pune
419,Isha Malhotra,37.0,Female,IT,Marketing Executive,110848.0,7,Diploma,Hyderabad
675,Simran Sharma,44.0,Male,Sales,HR Executive,,4,Bachelor's,Kolkata
392,Sneha Sharma,52.0,Female,Sales,Sales Executive,63745.0,6,Diploma,Noida
593,Pooja Yadav,31.0,Male,IT,Data Analyst,119158.0,2,12th,Hyderabad
499,Amit Kumar,28.0,Male,Sales,Marketing Executive,58792.0,10,12th,Pune
139,Raj Patel,31.0,Male,Operations,Data Analyst,105981.0,13,12th,Kolkata
63,Aditya Sharma,51.0,Male,Finance,HR Executive,27540.0,0,Master's,Noida
472,Ananya Patel,35.0,Female,Finance,Operations Executive,92681.0,15,Bachelor's,Hyderabad
648,Vivaan Yadav,36.0,Male,Marketing,Operations Executive,88559.0,2,Master's,Kolkata
129,Neha Verma,54.0,Female,Marketing,Accountant,63652.0,3,Master's,Bengaluru
987,Sneha Sharma,51.0,Male,Sales,Software Developer,107716.0,10,Master's,Noida
521,Rahul Gupta,35.0,Female,Sales,Marketing Executive,57426.0,5,Bachelor's,Delhi
839,Raj Jain,40.0,Female,Finance,Data Analyst,119575.0,4,12th,Chandigarh
973,Sneha Mehta,42.0,Male,Finance,Marketing Executive,66317.0,1,Diploma,Pune
65,Arjun Malhotra,44.0,Male,HR,Software Developer,46992.0,0,Diploma,Kolkata
813,Neha Singh,32.0,Female,IT,Data Analyst,48882.0,10,12th,Chandigarh
15,Rohan Jain,53.0,Male,HR,Software Developer,104818.0,0,Diploma,Chandigarh
157,Sneha Gupta,30.0,Female,Operations,Marketing Executive,70851.0,2,Diploma,Hyderabad
41,Pooja Yadav,,Male,HR,Operations Executive,86694.0,9,Master's,Noida
493,Vivaan Yadav,53.0,Male,Marketing,HR Executive,92608.0,7,Bachelor's,Jaipur
380,Neha Patel,26.0,Female,HR,Operations Executive,49633.0,11,Bachelor's,Hyderabad
188,Rohan Yadav,55.0,Female,HR,Marketing Executive,63058.0,7,Bachelor's,Noida
764,Raj Malhotra,55.0,Male,Sales,Sales Executive,66071.0,14,Master's,Delhi
217,Raj Gupta,34.0,Female,Marketing,Marketing Executive,51485.0,3,Master's,Noida
792,Sneha Singh,23.0,Female,Marketing,Accountant,25702.0,12,Diploma,Jaipur
53,Pooja Jain,36.0,Female,HR,Operations Executive,40906.0,10,12th,Kolkata
879,Rahul Verma,33.0,Male,IT,Accountant,111486.0,4,Diploma,Kolkata
338,Raj Verma,43.0,Female,Finance,Sales Executive,52215.0,2,Master's,Mumbai
749,Isha Patel,40.0,Male,IT,Marketing Executive,106522.0,14,Master's,Mumbai
720,Meera Patel,47.0,Female,Sales,HR Executive,108729.0,4,Master's,Jaipur
725,Simran Sharma,44.0,Male,Finance,HR Executive,92177.0,4,Diploma,Chandigarh
296,Pooja Malhotra,35.0,Female,HR,Operations Executive,95465.0,15,Bachelor's,Kolkata
702,Rahul Patel,25.0,Male,Finance,Data Analyst,39334.0,4,Master's,Hyderabad
252,Ananya Gupta,52.0,Male,Operations,Operations Executive,85401.0,4,12th,Jaipur
727,Rohan Verma,39.0,Male,Marketing,HR Executive,94417.0,5,Diploma,Pune
462,Neha Singh,41.0,Male,Operations,Marketing Executive,57266.0,11,Master's,Pune
456,Aarav Malhotra,44.0,Male,IT,Data Analyst,,12,Bachelor's,Mumbai
122,Meera Kumar,29.0,Male,IT,Operations Executive,99000.0,6,Master's,Pune
816,Sneha Singh,52.0,Female,Operations,Marketing Executive,64688.0,2,Master's,Jaipur
863,Vivaan Singh,31.0,Female,HR,Data Analyst,32721.0,12,Bachelor's,Pune
270,Rohan Mehta,45.0,Male,Marketing,Accountant,36101.0,5,Master's,Mumbai
202,Simran Yadav,26.0,Female,HR,HR Executive,76543.0,1,Bachelor's,Mumbai
162,Vikash Patel,47.0,Male,Sales,Accountant,72749.0,7,Master's,Mumbai
556,Aarav Sharma,37.0,Female,Sales,Sales Executive,72187.0,9,Bachelor's,Hyderabad
730,Isha Jain,53.0,Male,Marketing,Accountant,53981.0,3,12th,Chandigarh
402,Arjun Mehta,36.0,Female,Finance,HR Executive,54657.0,9,Master's,Gurgaon
703,Rahul Patel,22.0,Female,Operations,Accountant,63426.0,11,12th,Chandigarh
477,Vikash Verma,46.0,Male,Operations,Marketing Executive,103558.0,6,12th,Kolkata
822,Vivaan Jain,46.0,Female,HR,Marketing Executive,88714.0,0,12th,Kolkata
772,Amit Malhotra,,Female,Sales,Data Analyst,40812.0,3,Diploma,Pune
106,Amit Patel,26.0,Female,Marketing,Marketing Executive,104887.0,4,Master's,Chandigarh
566,Raj Mehta,33.0,Male,HR,Data Analyst,98553.0,10,Bachelor's,Gurgaon
390,Priya Singh,51.0,Female,Finance,Marketing Executive,33367.0,8,Diploma,Noida
2,Riya Sharma,22.0,Male,HR,Accountant,37280.0,6,12th,Noida
946,Pooja Mehta,25.0,Male,Marketing,Accountant,68922.0,7,Bachelor's,Noida
993,Ananya Patel,45.0,Male,IT,Data Analyst,80982.0,5,Bachelor's,Gurgaon
562,Isha Sharma,21.0,Female,IT,Software Developer,108084,10,Master's,Pune
81,Riya Sharma,49.0,Female,Finance,Accountant,63974.0,3,Master's,Noida
206,Rahul Kumar,46.0,Female,Marketing,Software Developer,73915.0,12,Bachelor's,Delhi
35,Raj Jain,34.0,Female,HR,Marketing Executive,119058.0,15,Diploma,Delhi
776,Ananya Verma,36.0,Female,Finance,Marketing Executive,58158.0,7,12th,Bengaluru
509,Simran Gupta,44.0,Female,Sales,HR Executive,77506.0,7,Bachelor's,Mumbai
428,Neha Verma,31.0,Male,Operations,Marketing Executive,89542.0,8,Master's,Noida
455,Sneha Jain,31.0,Male,HR,Marketing Executive,94922.0,9,Master's,Mumbai
367,Arjun Singh,34.0,Female,IT,Sales Executive,47391.0,12,12th,Chandigarh
92,Vivaan Kumar,54.0,Female,Operations,Sales Executive,72419.0,8,Master's,Mumbai
340,Pooja Jain,37.0,Male,Sales,Operations Executive,47789.0,7,Bachelor's,Chandigarh
898,Priya Mehta,34.0,Female,Operations,Operations Executive,56328.0,6,12th,Jaipur
565,Rahul Patel,26.0,Female,Operations,HR Executive,77235.0,6,12th,Bengaluru
346,Isha Kumar,38.0,Male,Sales,HR Executive,75202.0,0,12th,Pune
777,Amit Singh,21.0,Female,Finance,Data Analyst,76508.0,6,Master's,Chandigarh
242,Sneha Jain,52.0,Female,Operations,Marketing Executive,31145.0,10,12th,Bengaluru
14,Raj Jain,31.0,Male,Operations,Marketing Executive,84470.0,5,Bachelor's,Mumbai
316,Vikash Sharma,34.0,Male,Operations,Sales Executive,92862.0,7,12th,Bengaluru
601,Ananya Mehta,44.0,Male,Finance,Software Developer,29697.0,2,12th,Hyderabad
388,Isha Malhotra,50.0,Male,Sales,Software Developer,58029.0,12,Bachelor's,Delhi
274,Riya Kumar,48.0,Male,Finance,Software Developer,110332.0,15,Diploma,Jaipur
167,Aditya Yadav,24.0,Female,HR,Sales Executive,76964.0,7,Bachelor's,Pune
841,Rahul Jain,55.0,Female,Operations,Marketing Executive,68842.0,9,Master's,Gurgaon
545,Priya Verma,22.0,Female,Marketing,HR Executive,106229,12,Master's,Hyderabad
647,Rahul Patel,21.0,Male,Marketing,Marketing Executive,39621.0,11,Master's,Mumbai
819,Pooja Patel,28.0,Male,Operations,Marketing Executive,46771.0,15,Bachelor's,Chandigarh
485,Arjun Jain,21.0,Male,Marketing,Accountant,117949.0,0,12th,Noida
991,Rohan Malhotra,24.0,Female,Sales,Marketing Executive,118007.0,4,12th,Chandigarh
505,Neha Patel,35.0,Male,IT,Accountant,100584.0,1,Diploma,Bengaluru
832,Arjun Kumar,23.0,Male,HR,Marketing Executive,91493.0,11,Master's,Mumbai
244,Neha Jain,30.0,Male,Marketing,Sales Executive,85689.0,4,12th,Noida
567,Priya Yadav,47.0,Female,Finance,HR Executive,80514.0,0,Diploma,Jaipur
876,Raj Yadav,49.0,Male,Operations,Data Analyst,26227.0,6,Bachelor's,Kolkata
563,Sneha Patel,53.0,Male,HR,Data Analyst,116457.0,2,Master's,Bengaluru
963,Aditya Mehta,36.0,Male, marketing ,Data Analyst,103924.0,12,Bachelor's,Hyderabad
687,Rohan Yadav,29.0,Female,Sales,Sales Executive,39563.0,7,Diploma,Kolkata
958,Karan Sharma,29.0,Female,HR,HR Executive,118698.0,0,Diploma,Chandigarh
190,Sneha Patel,29.0,Male,IT,Software Developer,105209.0,13,12th,Kolkata
783,Ananya Gupta,41.0,Male,IT,Sales Executive,61935.0,12,12th,Kolkata
700,Meera Jain,53.0,Male,Sales,Marketing Executive,94033.0,9,12th,Kolkata
476,Vivaan Gupta,31.0,Male,Marketing,HR Executive,42658.0,8,Master's,Hyderabad
682,Aarav Patel,27.0,Male,HR,Operations Executive,31875.0,3,Bachelor's,Noida
511,Meera Yadav,47.0,Male,Operations,Accountant,90483.0,15,Diploma,Mumbai
59,Raj Mehta,55.0,Male,Sales,HR Executive,104069.0,15,Bachelor's,Bengaluru
475,Neha Sharma,51.0,Male,Operations,Operations Executive,52617.0,7,Bachelor's,Jaipur
561,Neha Mehta,45.0,Male,Finance,Software Developer,35286.0,3,Master's,Kolkata
857,Raj Verma,46.0,Male,Operations,Sales Executive,69433.0,5,Bachelor's,Kolkata
748,Aarav Gupta,22.0,Male,IT,Sales Executive,38055.0,12,Diploma,Jaipur
253,Aditya Sharma,55.0,Male,Marketing,Data Analyst,109123.0,0,12th,Jaipur
22,Ananya Mehta,33.0,Male,Operations,Sales Executive,37363.0,13,12th,Delhi
314,Sneha Yadav,27.0,Male,Marketing,Marketing Executive,43351.0,13,Diploma,Jaipur
460,Karan Yadav,36.0,Female,Marketing,Data Analyst,38113.0,15,12th,Pune
161,Rohan Malhotra,29.0,Female,HR,HR Executive,103282.0,5,12th,Delhi
277,Neha Patel,34.0,Female,Operations,Data Analyst,82469,4,Diploma,Noida
956,Vikash Malhotra,22.0,Female,IT,Operations Executive,74993.0,4,Master's,Mumbai
192,Vivaan Verma,32.0,Female,Marketing,Operations Executive,41912.0,4,Diploma,Jaipur
386,Aarav Patel,38.0,Female,Marketing,Data Analyst,110404.0,4,Master's,Kolkata
806,Kavya Mehta,39.0,Male,IT,Software Developer,109825.0,9,Master's,Pune
414,Rohan Yadav,27.0,Male,HR,Marketing Executive,31014.0,11,12th,Kolkata
492,Karan Jain,24.0,Female,Sales,Data Analyst,47973.0,9,Master's,Delhi
344,Karan Gupta,22.0,Female,HR,Software Developer,75165.0,8,Diploma,Chandigarh
770,Aarav Sharma,32.0,Male,Operations,Sales Executive,109448.0,2,Diploma,Kolkata
309,Aarav Kumar,35.0,Male,Operations,Data Analyst,81260.0,15,Bachelor's,Jaipur
662,Kavya Gupta,25.0,Female,Sales,Data Analyst,34229.0,0,Bachelor's,Bengaluru
131,Kavya Verma,48.0,Female,Finance,HR Executive,65963.0,2,Bachelor's,Gurgaon
664,Kavya Verma,46.0,Male,IT,Sales Executive,34188.0,11,Diploma,Mumbai
872,Pooja Singh,,Female,Operations,Software Developer,66720.0,7,Diploma,Pune
100,Rahul Jain,45.0,Male,Sales,Data Analyst,111991.0,10,Bachelor's,Chandigarh
373,Neha Kumar,29.0,,IT,Marketing Executive,30593.0,4,Diploma,Pune
88,Pooja Singh,23.0,Female,Marketing,Marketing Executive,47962.0,5,12th,Chandigarh
459,Simran Patel,25.0,Male,HR,Marketing Executive,57858.0,10,Diploma,Jaipur
331,Meera Kumar,44.0,Female,HR,Marketing Executive,102554.0,4,Bachelor's,Bengaluru
215,Raj Singh,52.0,M,Finance,Accountant,66555.0,3,12th,Bengaluru
467,Riya Gupta,44.0,Male,Operations,HR Executive,90820.0,4,12th,Jaipur
122,Meera Kumar,29.0,Male,IT,Operations Executive,99000.0,6,Master's,Pune
615,Arjun Jain,51.0,Female,Finance,HR Executive,93632.0,4,Master's,Delhi
21,Simran Patel,52.0,Male,Operations,Accountant,53080.0,7,12th,Bengaluru
701,Aditya Verma,44.0,Male,HR,Sales Executive,113251,12,Master's,Mumbai
72,Neha Patel,21.0,Male,IT,HR Executive,92715.0,7,12th,Chandigarh
107,Pooja Singh,37.0,Female,Operations,Data Analyst,85236.0,5,Bachelor's,Chandigarh
271,Rohan Mehta,40.0,Female,HR,Data Analyst,60180.0,8,12th,Mumbai
861,Sneha Singh,32.0,Male,Marketing,Software Developer,79386.0,2,Bachelor's,Gurgaon
436,Aarav Mehta,39.0,Male,finance,Data Analyst,80363.0,4,Bachelor's,Delhi
103,Vikash Kumar,55.0,Male,HR,Marketing Executive,29705.0,2,12th,Gurgaon
